Date-Time,Focal,Weather,Temperature (F),START,END,CONTINUOUS Behaviors,Social Partner(s),START,END,CONTINUOUS Behaviors,Social Partner(s),START,END,CONTINUOUS Behaviors,Social Partner(s),START,END,CONTINUOUS Behaviors,Social Partner(s),START,END,CONTINUOUS Behaviors,Social Partner(s),START,END,CONTINUOUS Behaviors,Social Partner(s),START,END,CONTINUOUS Behaviors,Social Partner(s),START,END,CONTINUOUS Behaviors,Social Partner(s),START,END,CONTINUOUS Behaviors,Social Partner(s),START,END,CONTINUOUS Behaviors,Social Partner(s),START,END,CONTINUOUS Behaviors,Social Partner(s),START,END,CONTINUOUS Behaviors,Social Partner(s),START,END,CONTINUOUS Behaviors,Social Partner(s),START,END,CONTINUOUS Behaviors,Social Partner(s),START,END,CONTINUOUS Behaviors,Social Partner(s),START,END,CONTINUOUS Behaviors,Social Partner(s),START,END,CONTINUOUS Behaviors,Social Partner(s),START,END,CONTINUOUS Behaviors,Social Partner(s),START,END,CONTINUOUS Behaviors,Social Partner(s),START,END,CONTINUOUS Behaviors,Social Partner(s),START,END,CONTINUOUS Behaviors,Social Partner(s),START,END,CONTINUOUS Behaviors,Social Partner(s),START,END,CONTINUOUS Behaviors,Social Partner(s),START,END,CONTINUOUS Behaviors,Social Partner(s),START,END,CONTINUOUS Behaviors,Social Partner(s),START,END,CONTINUOUS Behaviors,Social Partner(s),START,END,CONTINUOUS Behaviors,Social Partner(s),START,END,CONTINUOUS Behaviors,Social Partner(s),START,END,CONTINUOUS Behaviors,Social Partner(s),START,END,CONTINUOUS Behaviors,Social Partner(s),START,END,CONTINUOUS Behaviors,Social Partner(s),START,END,CONTINUOUS Behaviors,Social Partner(s),1,2,3,4,5,6,7,8,AUT 1,AUT 2,AUT 3,AUT 4,AUT 5,AUT 6,AUT 7,AUT 8,POL 1,POL 2,POL 3,POL 4,POL 5,POL 6,POL 7,POL 8,CHA 1,CHA 2,CHA 3,CHA 4,CHA 5,CHA 6,CHA 7,CHA 8,TCH 1,TCH 2,TCH 3,TCH 4,TCH 5,TCH 6,TCH 7,TCH 8,Notes,Added Time,Referrer Name,Task Owner
05/14/2026 01:25 PM,Tracy Champan,Sunny,80,0,33,Affiliative - Mutual grooming,Chagall,0,1500,Affiliative - Contact sit,Chagall,610,614,Stress-Related - Vigilance,,615,630,Stress-Related - Self-groom,,,,,,,,,,,,,,,,,,,,,,,,,,,,,,,,,,,,,,,,,,,,,,,,,,,,,,,,,,,,,,,,,,,,,,,,,,,,,,,,,,,,,,,,,,,,,,,,,,,,,,,,,,,,,,,,,,Social,Rest,Rest,Rest,Rest,Rest,Rest,Rest,Over 5 m,Over 5 m,Over 5 m,Over 5 m,Over 5 m,Over 5 m,Over 5 m,Over 5 m,Over 5 m,Over 5 m,Over 5 m,Over 5 m,Over 5 m,Over 5 m,Over 5 m,Over 5 m,Body contact,Body contact,Body contact,Body contact,Body contact,Body contact,Body contact,Body contact,,,,,,,,,,05/14/2026 20:32:55,,methall@wisc.edu
05/14/2026 01:42 PM,Chagall,Sunny,80,0,425,Affiliative - Contact sit,Tracy Chapman,58,110,Stress-Related - Vigilance,,150,210,Affiliative - Give grooming,Tracy Chapman,440,502,Stress-Related - Vigilance,,642,645,Stress-Related - Yawn,,635,715,Stress-Related - Vigilance,,742,750,Stress-Related - Self-groom,,804,810,Affiliative - Receive grooming,Tracy Chapman,810,840,Affiliative - Give grooming,Tracy Chapman,928,934,Stress-Related - Self-scratch,,934,950,Stress-Related - Self-groom,,1000,1040,Affiliative - Mutual grooming,Tracy Chapman,1040,1215,Affiliative - Give grooming,Tracy Chapman,1248,1252,Stress-Related - Self-scratch,,1325,1337,Stress-Related - Self-groom,,1345,1405,Stress-Related - Vigilance,,1420,1500,Stress-Related - Vigilance,,1000,1500,Affiliative - Contact sit,Tracy Chapman,,,,,,,,,,,,,,,,,,,,,,,,,,,,,,,,,,,,,,,,,,,,,,,,,,,,,,,,,Rest,Social,Rest,Social,Rest,Rest,Rest,Other,Over 5 m,Over 5 m,Over 5 m,Over 5 m,Over 5 m,Over 5 m,Over 5 m,Over 5 m,Over 5 m,Over 5 m,Over 5 m,Over 5 m,Over 5 m,Over 5 m,Over 5 m,Over 5 m,,,,,,,,,Body contact,Body contact,Body contact,Less than 2 m,Less than 2 m,Body contact,Less than 2 m,Less than 2 m,,05/14/2026 20:43:00,,methall@wisc.edu
05/14/2026 02:20 PM,Tracy Champan,Sunny,82,0,200,Affiliative - Contact sit,Chagall,0,102,Affiliative - Mutual grooming,Chagall,125,148,Affiliative - Receive grooming,Chagall,330,354,Affiliative - Mutual grooming,Chagall,350,410,Affiliative - Receive grooming,Chagall,410,430,Affiliative - Give grooming,Chagall,500,512,Stress-Related - Self-scratch,,530,543,Stress-Related - Self-groom,,615,627,Stress-Related - Self-groom,,635,643,Stress-Related - Self-scratch,,657,702,Stress-Related - Self-scratch,,715,730,Stress-Related - Vigilance,,820,904,Stress-Related - Vigilance,,904,936,Stress-Related - Self-groom,,936,1020,Stress-Related - Vigilance,,1130,1220,Stress-Related - Vigilance,,1320,1323,Stress-Related - Self-scratch,,1323,1437,Stress-Related - Self-groom,,,,,,,,,,,,,,,,,,,,,,,,,,,,,,,,,,,,,,,,,,,,,,,,,,,,,,,,,,Social,Rest,Social,Other,Rest,Other,Other,Other,Over 5 m,Over 5 m,Over 5 m,Over 5 m,Over 5 m,Over 5 m,Over 5 m,Over 5 m,Over 5 m,Over 5 m,Over 5 m,Over 5 m,Over 5 m,Over 5 m,Over 5 m,Over 5 m,Body contact,Less than 2 m,Less than 2 m,Less than 2 m,Less than 2 m,Less than 2 m,Less than 2 m,Less than 2 m,,,,,,,,,,05/14/2026 20:52:15,,methall@wisc.edu
05/14/2026 02:39 PM,Polli,Cloudy,82,0,200,Affiliative - Contact sit,Autumn,0,15,Affiliative - Mutual grooming,Autumn,43,54,Stress-Related - Self-groom,,112,145,Affiliative - Give grooming,Autumn,200,221,Stress-Related - Vigilance,,221,250,Affiliative - Mutual grooming,Autumn,250,304,Stress-Related - Self-scratch,,320,330,Stress-Related - Vigilance,,330,340,Stress-Related - Self-groom,,340,351,Stress-Related - Vigilance,,651,658,Affiliative - Greet,Chagall,900,907,Stress-Related - Self-scratch,,1048,1053,Stress-Related - Self-scratch,,1358,1406,Affiliative - Receive grooming,Chagall,1421,1436,Stress-Related - Self-groom,,,,,,,,,,,,,,,,,,,,,,,,,,,,,,,,,,,,,,,,,,,,,,,,,,,,,,,,,,,,,,,,,,,,,,Social,Rest,Rest,Locomotion,Locomotion,Rest,Rest,Rest,Body contact,Body contact,Over 5 m,Over 5 m,Over 5 m,Over 5 m,Over 5 m,Over 5 m,,,,,,,,,Over 5 m,Over 5 m,Over 5 m,Over 5 m,Over 5 m,Less than 2 m,Less than 2 m,Less than 2 m,Over 5 m,Over 5 m,Over 5 m,Over 5 m,Over 5 m,Over 5 m,Over 5 m,2-5 m,,05/14/2026 21:00:28,,methall@wisc.edu
05/14/2026 02:54 PM,Autumn,Sunny,82,250,253,Stress-Related - Self-scratch,,402,410,Stress-Related - Self-scratch,,410,439,Stress-Related - Self-groom,,454,508,Stress-Related - Self-groom,,757,802,Stress-Related - Self-scratch,,910,926,Stress-Related - Self-groom,,939,943,Stress-Related - Self-groom,,1110,1145,Stress-Related - Vigilance,,1330,1334,Stress-Related - Vigilance,,1438,1442,Stress-Related - Self-groom,,,,,,,,,,,,,,,,,,,,,,,,,,,,,,,,,,,,,,,,,,,,,,,,,,,,,,,,,,,,,,,,,,,,,,,,,,,,,,,,,,,,,,,,,,Rest,Rest,Other,Rest,Rest,Locomotion,Rest,Rest,,,,,,,,,Over 5 m,Over 5 m,Over 5 m,Over 5 m,Over 5 m,Over 5 m,Over 5 m,Over 5 m,Over 5 m,Over 5 m,Over 5 m,Over 5 m,Over 5 m,Over 5 m,Over 5 m,Over 5 m,Over 5 m,Over 5 m,Over 5 m,Over 5 m,Over 5 m,Over 5 m,Over 5 m,Over 5 m,,05/14/2026 21:05:26,,methall@wisc.edu
05/14/2026 03:14 PM,Chagall,Sunny,82,0,10,Affiliative - Greet,Autumn,10,27,Stress-Related - Vigilance,,500,524,Stress-Related - Vigilance,,650,715,Stress-Related - Vigilance,,938,1050,Stress-Related - Vigilance,,1237,1315,Stress-Related - Vigilance,,,,,,,,,,,,,,,,,,,,,,,,,,,,,,,,,,,,,,,,,,,,,,,,,,,,,,,,,,,,,,,,,,,,,,,,,,,,,,,,,,,,,,,,,,,,,,,,,,,,,,,,,,Social,Rest,Rest,Rest,Rest,Other,Locomotion,Other,Body contact,Less than 2 m,Less than 2 m,Less than 2 m,Less than 2 m,Over 5 m,Over 5 m,Over 5 m,Over 5 m,Over 5 m,Over 5 m,Over 5 m,Over 5 m,Over 5 m,Over 5 m,Over 5 m,,,,,,,,,Over 5 m,Over 5 m,Over 5 m,Over 5 m,Over 5 m,Over 5 m,Over 5 m,Over 5 m,,05/14/2026 21:09:26,,methall@wisc.edu
05/14/2026 03:32 PM,Polli,Sunny,82,50,55,Stress-Related - Vigilance,,203,313,Stress-Related - Vigilance,,454,508,Stress-Related - Vigilance,,,,,,,,,,,,,,,,,,,,,,,,,,,,,,,,,,,,,,,,,,,,,,,,,,,,,,,,,,,,,,,,,,,,,,,,,,,,,,,,,,,,,,,,,,,,,,,,,,,,,,,,,,,,,,,,,,,,,,Locomotion,Other,Locomotion,Other,Rest,Locomotion,Rest,Rest,Over 5 m,Over 5 m,Over 5 m,Over 5 m,Over 5 m,Over 5 m,2-5 m,2-5 m,,,,,,,,,Over 5 m,Over 5 m,Over 5 m,Over 5 m,Over 5 m,Over 5 m,2-5 m,2-5 m,2-5 m,Over 5 m,Over 5 m,Less than 2 m,Over 5 m,Over 5 m,2-5 m,2-5 m,,05/14/2026 21:12:29,,methall@wisc.edu
05/15/2026 09:51 AM,Chagall,Sunny,80,47,127,Affiliative - Mutual grooming,Polli,146,224,,Polli,236,351,Stress-Related - Self-groom,,428,452,Stress-Related - Self-groom,,508,547,Stress-Related - Self-groom,,610,617,Stress-Related - Self-scratch,,645,658,Affiliative - Contact sit,Tracy Chapman,708,726,Affiliative - Give grooming,Tracy Chapman,726,748,Affiliative - Mutual grooming,Tracy Chapman,818,849,Affiliative - Contact sit,Tracy Chapman,830,849,Stress-Related - Self-groom,,905,930,Stress-Related - Self-groom,,1017,1128,Stress-Related - Vigilance,,1228,1358,Stress-Related - Vigilance,,1400,1413,Stress-Related - Self-groom,,1413,1434,Stress-Related - Vigilance,,,,,,,,,,,,,,,,,,,,,,,,,,,,,,,,,,,,,,,,,,,,,,,,,,,,,,,,,,,,,,,,,,Rest,Social,Rest,Rest,Social,Rest,Rest,Other,Less than 2 m,2-5 m,Less than 2 m,Less than 2 m,2-5 m,2-5 m,2-5 m,2-5 m,2-5 m,Body contact,Over 5 m,Over 5 m,Over 5 m,Over 5 m,Over 5 m,Over 5 m,,,,,,,,,Over 5 m,Less than 2 m,Less than 2 m,2-5 m,Body contact,Less than 2 m,Less than 2 m,Less than 2 m,,05/16/2026 10:04:11,,methall@wisc.edu
05/15/2026 10:07 AM,Tracy Champan,Sunny,80,10,17,Stress-Related - Vigilance,,17,113,Stress-Related - Self-groom,,127,230,Affiliative - Give grooming,Chagall,230,240,Affiliative - Mutual grooming,Chagall,127,755,Affiliative - Contact sit,Chagall,313,453,Affiliative - Give grooming,Chagall,453,520,Affiliative - Mutual grooming,Chagall,520,543,Affiliative - Give grooming,Chagall,648,733,Affiliative - Mutual grooming,Chagall,856,919,Stress-Related - Vigilance,,1142,1150,Stress-Related - Vigilance,,,,,,,,,,,,,,,,,,,,,,,,,,,,,,,,,,,,,,,,,,,,,,,,,,,,,,,,,,,,,,,,,,,,,,,,,,,,,,,,,,,,,,Other,Social,Social,Rest,Rest,Rest,Rest,Rest,2-5 m,2-5 m,2-5 m,2-5 m,Less than 2 m,Less than 2 m,Less than 2 m,Less than 2 m,Over 5 m,Over 5 m,Over 5 m,2-5 m,Less than 2 m,Less than 2 m,Less than 2 m,Less than 2 m,Less than 2 m,Body contact,Body contact,Body contact,Less than 2 m,Less than 2 m,Less than 2 m,Less than 2 m,,,,,,,,,,05/16/2026 10:04:17,,methall@wisc.edu
05/15/2026 10:23 AM,Autumn,Sunny,80,0,16,Stress-Related - Self-groom,,16,37,Stress-Related - Vigilance,,228,241,Stress-Related - Vigilance,,458,504,Stress-Related - Vigilance,,544,552,Stress-Related - Vigilance,,645,831,Stress-Related - Vigilance,,841,846,Stress-Related - Self-groom,,940,1135,Affiliative - Contact sit,Polli,950,1020,Affiliative - Mutual grooming,Polli,1038,1135,Affiliative - Mutual grooming,Polli,1145,1230,Affiliative - Mutual grooming,Polli,1145,1500,Affiliative - Contact sit,Polli,1230,1148,Affiliative - Give grooming,Polli,1148,1500,Affiliative - Mutual grooming,Polli,,,,,,,,,,,,,,,,,,,,,,,,,,,,,,,,,,,,,,,,,,,,,,,,,,,,,,,,,,,,,,,,,,,,,,,,,Rest,Rest,Rest,Rest,Other,Social,Social,Social,,,,,,,,,Less than 2 m,Less than 2 m,Less than 2 m,Less than 2 m,2-5 m,Body contact,Body contact,Body contact,Less than 2 m,Less than 2 m,Less than 2 m,Less than 2 m,2-5 m,2-5 m,2-5 m,Less than 2 m,Less than 2 m,Less than 2 m,Less than 2 m,Less than 2 m,2-5 m,2-5 m,2-5 m,2-5 m,,05/16/2026 10:04:22,,methall@wisc.edu
05/15/2026 10:39 AM,Polli,Sunny,80,5,29,Stress-Related - Vigilance,,29,48,Stress-Related - Self-groom,,48,112,Stress-Related - Vigilance,,123,134,Stress-Related - Self-groom,,140,145,Stress-Related - Self-scratch,,243,429,Stress-Related - Vigilance,,510,604,Stress-Related - Vigilance,,604,612,Stress-Related - Self-scratch,,628,634,Stress-Related - Self-groom,,720,750,Stress-Related - Vigilance,,750,858,Affiliative - Mutual grooming,Tracy Chapman,858,956,Affiliative - Receive grooming,Tracy Chapman,1015,1045,Affiliative - Mutual grooming,Tracy Chapman,1045,1117,Affiliative - Receive grooming,Tracy Chapman,1130,1200,Stress-Related - Self-groom,,1200,1206,Stress-Related - Self-scratch,,1220,1240,Affiliative - Contact sit,Autumn,1230,1243,Affiliative - Mutual grooming,Autumn,1243,1250,Submission - Be displaced,Tracy Chapman,,,,,,,,,,,,,,,,,,,,,,,,,,,,,,,,,,,,,,,,,,,,,,,,,,,,,Rest,Other,Other,Other,Rest,Social,Social,Other,2-5 m,2-5 m,2-5 m,2-5 m,Less than 2 m,2-5 m,Less than 2 m,Less than 2 m,,,,,,,,,2-5 m,2-5 m,2-5 m,2-5 m,Over 5 m,Over 5 m,Over 5 m,Over 5 m,Less than 2 m,Less than 2 m,Less than 2 m,Less than 2 m,Less than 2 m,2-5 m,Less than 2 m,2-5 m,,05/16/2026 10:04:24,,methall@wisc.edu
05/18/2026 02:39 PM,Autumn,Sunny,85,0,120,Stress-Related - Vigilance,,120,130,Stress-Related - Self-groom,,130,144,Stress-Related - Vigilance,,144,242,Stress-Related - Self-groom,,242,304,Stress-Related - Vigilance,,304,320,Stress-Related - Self-groom,,330,438,Stress-Related - Self-groom,,349,354,Stress-Related - Vigilance,,438,508,Stress-Related - Vigilance,,647,706,Stress-Related - Self-groom,,706,752,Stress-Related - Vigilance,,817,851,Stress-Related - Vigilance,,943,1037,Stress-Related - Vigilance,,1107,1237,Stress-Related - Vigilance,,1306,1405,Stress-Related - Vigilance,,,,,,,,,,,,,,,,,,,,,,,,,,,,,,,,,,,,,,,,,,,,,,,,,,,,,,,,,,,,,,,,,,,,,,Other,Other,Other,Rest,Rest,Other,Other,Locomotion,,,,,,,,,Over 5 m,Over 5 m,Over 5 m,Over 5 m,Over 5 m,Over 5 m,Over 5 m,Over 5 m,Over 5 m,Over 5 m,Over 5 m,Over 5 m,Over 5 m,Over 5 m,Over 5 m,Over 5 m,Over 5 m,Over 5 m,Over 5 m,Over 5 m,Over 5 m,Over 5 m,Over 5 m,Over 5 m,,05/18/2026 15:06:49,,methall@wisc.edu
05/21/2026 09:57 AM,Tracy Champan,Sunny,85,27,439,Affiliative - Contact sit,Chagall,27,325,Affiliative - Mutual grooming,Chagall,325,351,Affiliative - Give grooming,Chagall,401,412,Stress-Related - Self-groom,,412,423,Stress-Related - Vigilance,,507,516,Stress-Related - Self-groom,,516,521,Stress-Related - Vigilance,,601,612,Stress-Related - Self-groom,,617,621,Stress-Related - Self-scratch,,621,639,Stress-Related - Self-groom,,639,657,Stress-Related - Vigilance,,657,712,Stress-Related - Self-scratch,,730,747,Stress-Related - Self-groom,,848,1007,Affiliative - Contact sit,Chagall,850,919,Affiliative - Mutual grooming,Chagall,920,936,Affiliative - Receive grooming,Chagall,940,959,Affiliative - Mutual grooming,Chagall,,,,,,,,,,,,,,,,,,,,,,,,,,,,,,,,,,,,,,,,,,,,,,,,,,,,,,,,,,,,,Rest,Social,Other,Other,Other,Rest,Rest,Rest,Over 5 m,Over 5 m,Over 5 m,Over 5 m,Over 5 m,Over 5 m,Over 5 m,Over 5 m,Over 5 m,Over 5 m,Over 5 m,Over 5 m,Over 5 m,Over 5 m,Over 5 m,Over 5 m,Less than 2 m,Body contact,Body contact,Over 5 m,2-5 m,Body contact,Less than 2 m,Less than 2 m,,,,,,,,,,05/21/2026 11:59:34,,methall@wisc.edu
05/21/2026 10:13 AM,Chagall,Sunny,85,0,912,Affiliative - Contact sit,Tracy Chapman,0,144,Stress-Related - Vigilance,,144,201,Stress-Related - Self-groom,,201,234,Stress-Related - Vigilance,,912,1126,Stress-Related - Vigilance,,1126,1432,Affiliative - Contact sit,Tracy Chapman,1218,1231,Stress-Related - Vigilance,,1330,1500,Stress-Related - Vigilance,,,,,,,,,,,,,,,,,,,,,,,,,,,,,,,,,,,,,,,,,,,,,,,,,,,,,,,,,,,,,,,,,,,,,,,,,,,,,,,,,,,,,,,,,,,,,,,,,,Other,Other,Rest,Rest,Rest,Other,Rest,Other,Over 5 m,Over 5 m,Over 5 m,Over 5 m,Over 5 m,Over 5 m,Over 5 m,Over 5 m,Over 5 m,Over 5 m,Over 5 m,Over 5 m,Over 5 m,Over 5 m,Over 5 m,Over 5 m,,,,,,,,,Body contact,Body contact,Body contact,Body contact,Body contact,Less than 2 m,Body contact,Body contact,,05/21/2026 11:59:36,,methall@wisc.edu
05/21/2026 10:30 AM,Polli,Sunny,85,0,20,Stress-Related - Vigilance,,50,53,Stress-Related - Vigilance,,137,145,Stress-Related - Vigilance,,453,612,Stress-Related - Vigilance,,640,757,Stress-Related - Vigilance,,1011,1019,Stress-Related - Self-scratch,,1019,1030,Stress-Related - Self-groom,,,,,,,,,,,,,,,,,,,,,,,,,,,,,,,,,,,,,,,,,,,,,,,,,,,,,,,,,,,,,,,,,,,,,,,,,,,,,,,,,,,,,,,,,,,,,,,,,,,,,,Other,Rest,Rest,Other,Rest,Other,Rest,Rest,Over 5 m,Over 5 m,Over 5 m,Over 5 m,Over 5 m,Over 5 m,Over 5 m,Over 5 m,,,,,,,,,Over 5 m,Over 5 m,Over 5 m,Over 5 m,Over 5 m,Over 5 m,Over 5 m,Over 5 m,Over 5 m,Over 5 m,Over 5 m,Over 5 m,Over 5 m,Over 5 m,Over 5 m,Over 5 m,,05/21/2026 11:59:44,,methall@wisc.edu
05/21/2026 10:45 AM,Autumn,Sunny,85,40,122,Affiliative - Mutual grooming,Polli,40,634,Affiliative - Contact sit,Polli,158,228,Affiliative - Mutual grooming,Polli,249,346,Affiliative - Receive grooming,Polli,443,456,Affiliative - Receive grooming,Polli,525,539,Affiliative - Receive grooming,Polli,539,559,Stress-Related - Vigilance,,559,603,Affiliative - Give grooming,Polli,1030,1043,Stress-Related - Vigilance,,,,,,,,,,,,,,,,,,,,,,,,,,,,,,,,,,,,,,,,,,,,,,,,,,,,,,,,,,,,,,,,,,,,,,,,,,,,,,,,,,,,,,,,,,,,,,Locomotion,Social,Rest,Social,Rest,Rest,Rest,Rest,,,,,,,,,2-5 m,Body contact,Body contact,Body contact,Over 5 m,Over 5 m,Over 5 m,Over 5 m,Over 5 m,Over 5 m,Over 5 m,Over 5 m,Less than 2 m,Less than 2 m,Less than 2 m,Less than 2 m,Over 5 m,Over 5 m,Over 5 m,Over 5 m,Less than 2 m,2-5 m,2-5 m,2-5 m,,05/21/2026 11:59:54,,methall@wisc.edu
05/21/2026 01:53 PM,Chagall,Sunny,86,47,103,Stress-Related - Vigilance,,103,108,Stress-Related - Self-scratch,,108,117,Stress-Related - Self-groom,,126,130,Stress-Related - Self-groom,,130,232,Stress-Related - Vigilance,,401,426,Stress-Related - Vigilance,,426,441,Affiliative - Contact sit,Polli,521,526,Stress-Related - Self-groom,,526,552,Stress-Related - Vigilance,,635,711,Stress-Related - Vigilance,,711,713,Stress-Related - Self-groom,,818,822,Stress-Related - Self-groom,,822,830,Stress-Related - Vigilance,,901,928,Stress-Related - Vigilance,,1027,1030,Stress-Related - Self-groom,,1051,1201,Stress-Related - Vigilance,,1301,1415,Stress-Related - Vigilance,,,,,,,,,,,,,,,,,,,,,,,,,,,,,,,,,,,,,,,,,,,,,,,,,,,,,,,,,,,,,,Rest,Other,Other,Rest,Rest,Rest,Locomotion,Locomotion,Over 5 m,Over 5 m,Over 5 m,Over 5 m,Over 5 m,2-5 m,Over 5 m,Over 5 m,2-5 m,2-5 m,Less than 2 m,Less than 2 m,Over 5 m,Less than 2 m,2-5 m,2-5 m,,,,,,,,,Over 5 m,Over 5 m,Over 5 m,Over 5 m,2-5 m,2-5 m,Less than 2 m,2-5 m,,05/21/2026 15:15:18,,methall@wisc.edu
05/21/2026 02:15 PM,Autumn,Sunny,86,0,229,Stress-Related - Vigilance,,229,240,Stress-Related - Self-groom,,253,329,Stress-Related - Self-groom,,345,349,Stress-Related - Self-groom,,349,436,Stress-Related - Vigilance,,444,451,Stress-Related - Self-groom,,451,559,Stress-Related - Vigilance,,559,704,Stress-Related - Self-groom,,722,852,Stress-Related - Vigilance,,906,1141,Stress-Related - Vigilance,,1212,1215,Stress-Related - Self-scratch,,1309,1315,Stress-Related - Self-groom,,1317,1356,Stress-Related - Vigilance,,1356,1405,Stress-Related - Self-groom,,1405,1455,Stress-Related - Vigilance,,,,,,,,,,,,,,,,,,,,,,,,,,,,,,,,,,,,,,,,,,,,,,,,,,,,,,,,,,,,,,,,,,,,,,Other,Other,Other,Other,Other,Other,Rest,Other,,,,,,,,,Over 5 m,Over 5 m,Over 5 m,Over 5 m,Over 5 m,Over 5 m,Over 5 m,Over 5 m,Over 5 m,Over 5 m,Over 5 m,Over 5 m,Over 5 m,Over 5 m,Over 5 m,Over 5 m,Over 5 m,Over 5 m,Over 5 m,Over 5 m,Over 5 m,Over 5 m,Over 5 m,Over 5 m,,05/21/2026 15:15:20,,methall@wisc.edu
05/21/2026 02:32 PM,Tracy Champan,Sunny,86,0,6,Stress-Related - Self-groom,,36,106,Stress-Related - Vigilance,,106,114,Stress-Related - Self-groom,,155,203,Stress-Related - Self-scratch,,203,225,Stress-Related - Self-groom,,225,252,Stress-Related - Vigilance,,252,305,Stress-Related - Self-groom,,305,349,Stress-Related - Vigilance,,349,351,Affiliative - Greet,Chagall,351,428,Stress-Related - Self-groom,,455,508,Stress-Related - Self-groom,,508,528,Stress-Related - Vigilance,,540,604,Stress-Related - Vigilance,,604,644,Stress-Related - Self-groom,,644,822,Stress-Related - Vigilance,,833,843,Stress-Related - Self-groom,,931,1000,Stress-Related - Self-groom,,1000,1012,Stress-Related - Vigilance,,1031,1038,Stress-Related - Self-groom,,1059,1109,Stress-Related - Self-groom,,1109,1125,Stress-Related - Vigilance,,1208,1231,Stress-Related - Vigilance,,1424,1500,Affiliative - Contact sit,Chagall,1424,1500,Affiliative - Mutual grooming,Chagall,,,,,,,,,,,,,,,,,,,,,,,,,,,,,,,,,Other,Other,Other,Other,Other,Other,Rest,Rest,Over 5 m,Over 5 m,Over 5 m,Over 5 m,Over 5 m,Over 5 m,Over 5 m,Over 5 m,Less than 2 m,Less than 2 m,2-5 m,Over 5 m,Over 5 m,Over 5 m,Over 5 m,Over 5 m,2-5 m,Less than 2 m,Less than 2 m,Over 5 m,Over 5 m,Over 5 m,Over 5 m,Over 5 m,,,,,,,,,,05/21/2026 15:15:21,,methall@wisc.edu
05/21/2026 02:48 PM,Polli,Sunny,86,37,133,Stress-Related - Vigilance,,143,148,Stress-Related - Self-groom,,148,225,Stress-Related - Vigilance,,240,432,Stress-Related - Vigilance,,517,552,Stress-Related - Vigilance,,552,601,Stress-Related - Self-groom,,601,633,Stress-Related - Vigilance,,725,729,Stress-Related - Self-groom,,729,749,Stress-Related - Vigilance,,749,754,Stress-Related - Self-scratch,,802,817,Stress-Related - Self-groom,,827,847,Stress-Related - Self-groom,,847,911,Stress-Related - Vigilance,,924,935,Affiliative - Contact sit,Autumn,930,1000,Affiliative - Give grooming,Autumn,1001,1008,Stress-Related - Self-scratch,,1122,1204,Affiliative - Give grooming,Autumn,1351,1407,Stress-Related - Vigilance,,1440,1500,Stress-Related - Vigilance,,,,,,,,,,,,,,,,,,,,,,,,,,,,,,,,,,,,,,,,,,,,,,,,,,,,,,Locomotion,Other,Other,Other,Other,Other,Social,Other,Over 5 m,Over 5 m,Over 5 m,Over 5 m,Over 5 m,Less than 2 m,Body contact,Less than 2 m,,,,,,,,,Over 5 m,Over 5 m,Over 5 m,Over 5 m,Over 5 m,Over 5 m,Over 5 m,Over 5 m,Over 5 m,Over 5 m,Over 5 m,Over 5 m,Over 5 m,Over 5 m,Over 5 m,Over 5 m,,05/21/2026 15:15:23,,methall@wisc.edu
05/22/2026 10:08 AM,Polli,Sunny,83,427,432,Stress-Related - Self-scratch,,457,507,Stress-Related - Self-groom,,510,513,Stress-Related - Self-scratch,,529,734,Affiliative - Contact sit,Autumn,529,734,Affiliative - Give grooming,Autumn,735,742,Stress-Related - Self-groom,,742,748,Stress-Related - Self-scratch,,820,835,Stress-Related - Self-groom,,908,941,Stress-Related - Vigilance,,,,,,,,,,,,,,,,,,,,,,,,,,,,,,,,,,,,,,,,,,,,,,,,,,,,,,,,,,,,,,,,,,,,,,,,,,,,,,,,,,,,,,,,,,,,,,Rest,Rest,Rest,Social,Other,Rest,Rest,Rest,2-5 m,2-5 m,2-5 m,Body contact,Less than 2 m,Less than 2 m,Less than 2 m,Less than 2 m,,,,,,,,,2-5 m,2-5 m,2-5 m,2-5 m,2-5 m,2-5 m,2-5 m,2-5 m,Less than 2 m,Less than 2 m,Less than 2 m,2-5 m,2-5 m,2-5 m,2-5 m,2-5 m,,05/22/2026 12:26:49,,methall@wisc.edu
05/22/2026 10:25 AM,Tracy Champan,Sunny,85,,,,,,,,,,,,,,,,,,,,,,,,,,,,,,,,,,,,,,,,,,,,,,,,,,,,,,,,,,,,,,,,,,,,,,,,,,,,,,,,,,,,,,,,,,,,,,,,,,,,,,,,,,,,,,,,,,,,,,,,,,,,,,,,,Rest,Rest,Rest,Rest,Rest,Rest,Rest,Rest,2-5 m,2-5 m,2-5 m,2-5 m,2-5 m,2-5 m,2-5 m,2-5 m,2-5 m,2-5 m,2-5 m,2-5 m,2-5 m,2-5 m,2-5 m,2-5 m,Less than 2 m,Less than 2 m,Less than 2 m,Less than 2 m,Less than 2 m,Less than 2 m,Less than 2 m,Less than 2 m,,,,,,,,,,05/22/2026 13:22:59,,methall@wisc.edu
05/22/2026 10:41 AM,Chagall,Sunny,85,30,120,Stress-Related - Vigilance,,201,217,Stress-Related - Self-groom,,313,322,Stress-Related - Vigilance,,1110,1118,Affiliative - Greet,Tracy Chapman,1110,1232,Affiliative - Contact sit,Tracy Chapman,1145,1208,Affiliative - Receive grooming,Tracy Chapman,,,,,,,,,,,,,,,,,,,,,,,,,,,,,,,,,,,,,,,,,,,,,,,,,,,,,,,,,,,,,,,,,,,,,,,,,,,,,,,,,,,,,,,,,,,,,,,,,,,,,,,,,Rest,Other,Rest,Rest,Rest,Rest,Social,Rest,2-5 m,2-5 m,2-5 m,2-5 m,2-5 m,2-5 m,2-5 m,2-5 m,2-5 m,2-5 m,2-5 m,2-5 m,2-5 m,2-5 m,2-5 m,2-5 m,,,,,,,,,Less than 2 m,Less than 2 m,Less than 2 m,Less than 2 m,Less than 2 m,Less than 2 m,Body contact,2-5 m,,05/22/2026 13:23:00,,methall@wisc.edu
05/22/2026 10:56 AM,Autumn,Sunny,85,0,1500,Affiliative - Contact sit,Tracy Chapman,840,844,Affiliative - Mutual grooming,Tracy Chapman,,,,,,,,,,,,,,,,,,,,,,,,,,,,,,,,,,,,,,,,,,,,,,,,,,,,,,,,,,,,,,,,,,,,,,,,,,,,,,,,,,,,,,,,,,,,,,,,,,,,,,,,,,,,,,,,,,,,,,,,,Rest,Rest,Rest,Rest,Rest,Rest,Rest,Rest,,,,,,,,,Less than 2 m,Less than 2 m,Less than 2 m,Less than 2 m,Less than 2 m,Less than 2 m,Less than 2 m,Less than 2 m,2-5 m,2-5 m,2-5 m,2-5 m,2-5 m,2-5 m,2-5 m,2-5 m,Body contact,Body contact,Body contact,Body contact,Body contact,Body contact,Body contact,Body contact,,05/22/2026 13:23:01,,methall@wisc.edu
05/29/2026 10:01 AM,Autumn,Cloudy,83,50,124,Stress-Related - Self-groom,,312,337,Stress-Related - Self-groom,,337,449,Stress-Related - Vigilance,,524,550,Stress-Related - Vigilance,,707,718,Stress-Related - Vigilance,,847,852,Stress-Related - Self-scratch,,1155,1208,Stress-Related - Vigilance,,,,,,,,,,,,,,,,,,,,,,,,,,,,,,,,,,,,,,,,,,,,,,,,,,,,,,,,,,,,,,,,,,,,,,,,,,,,,,,,,,,,,,,,,,,,,,,,,,,,,,Rest,Locomotion,Other,Locomotion,Rest,Rest,Other,Rest,,,,,,,,,Over 5 m,Over 5 m,Over 5 m,Over 5 m,Over 5 m,Over 5 m,Over 5 m,Over 5 m,Over 5 m,Over 5 m,2-5 m,2-5 m,2-5 m,2-5 m,2-5 m,2-5 m,2-5 m,Over 5 m,2-5 m,2-5 m,2-5 m,2-5 m,2-5 m,2-5 m,,05/29/2026 11:37:15,,methall@wisc.edu
05/29/2026 10:18 AM,Polli,Cloudy,83,637,701,Stress-Related - Vigilance,,722,738,Stress-Related - Vigilance,,1017,1022,Stress-Related - Self-groom,,1032,1245,Stress-Related - Vigilance,,,,,,,,,,,,,,,,,,,,,,,,,,,,,,,,,,,,,,,,,,,,,,,,,,,,,,,,,,,,,,,,,,,,,,,,,,,,,,,,,,,,,,,,,,,,,,,,,,,,,,,,,,,,,,,,,,Rest,Rest,Rest,Rest,Rest,Rest,Other,Rest,Over 5 m,Over 5 m,Over 5 m,Over 5 m,Over 5 m,Over 5 m,Over 5 m,Over 5 m,,,,,,,,,Over 5 m,Over 5 m,Over 5 m,Over 5 m,Over 5 m,Over 5 m,Over 5 m,Over 5 m,Over 5 m,Over 5 m,Over 5 m,Over 5 m,Over 5 m,Over 5 m,Over 5 m,Over 5 m,,05/29/2026 11:50:59,,methall@wisc.edu
05/29/2026 10:42 AM,Chagall,Cloudy,83,0,345,Affiliative - Contact sit,Tracy Chapman,349,357,Stress-Related - Self-scratch,,357,406,Stress-Related - Self-groom,,1254,1403,Affiliative - Contact sit,Tracy Chapman,1305,1403,Affiliative - Receive grooming,Tracy Chapman,,,,,,,,,,,,,,,,,,,,,,,,,,,,,,,,,,,,,,,,,,,,,,,,,,,,,,,,,,,,,,,,,,,,,,,,,,,,,,,,,,,,,,,,,,,,,,,,,,,,,,,,,,,,,Rest,Rest,Other,Rest,Rest,Rest,Rest,Social,2-5 m,2-5 m,2-5 m,2-5 m,2-5 m,2-5 m,2-5 m,2-5 m,Over 5 m,Over 5 m,Over 5 m,Over 5 m,Over 5 m,Over 5 m,Over 5 m,Over 5 m,,,,,,,,,Body contact,Body contact,Less than 2 m,Less than 2 m,Less than 2 m,Less than 2 m,Less than 2 m,Body contact,,05/29/2026 11:51:00,,methall@wisc.edu
05/29/2026 10:58 AM,Tracy Champan,Cloudy,83,0,525,Affiliative - Contact sit,Chagall,930,1011,Affiliative - Contact sit,Chagall,935,1011,Affiliative - Give grooming,Chagall,1011,1039,Stress-Related - Vigilance,,1122,1500,Affiliative - Contact sit,Chagall,,,,,,,,,,,,,,,,,,,,,,,,,,,,,,,,,,,,,,,,,,,,,,,,,,,,,,,,,,,,,,,,,,,,,,,,,,,,,,,,,,,,,,,,,,,,,,,,,,,,,,,,,,,,,Rest,Rest,Rest,Rest,Rest,Social,Rest,Rest,2-5 m,2-5 m,2-5 m,2-5 m,2-5 m,2-5 m,2-5 m,2-5 m,Over 5 m,Over 5 m,Over 5 m,Over 5 m,Over 5 m,Over 5 m,Over 5 m,Over 5 m,Body contact,Body contact,Body contact,Less than 2 m,Less than 2 m,Body contact,Body contact,Body contact,,,,,,,,,,05/29/2026 11:51:01,,methall@wisc.edu
05/30/2026 10:37 AM,Autumn,Sunny,84,46,119,Stress-Related - Vigilance,,119,126,Stress-Related - Self-groom,,310,341,Stress-Related - Vigilance,,,,,,,,,,,,,,,,,,,,,,,,,,,,,,,,,,,,,,,,,,,,,,,,,,,,,,,,,,,,,,,,,,,,,,,,,,,,,,,,,,,,,,,,,,,,,,,,,,,,,,,,,,,,,,,,,,,,,,Rest,Rest,Rest,Rest,Rest,Rest,Rest,Rest,,,,,,,,,2-5 m,2-5 m,Less than 2 m,Less than 2 m,Less than 2 m,Less than 2 m,Less than 2 m,Less than 2 m,Over 5 m,Over 5 m,Over 5 m,Over 5 m,Over 5 m,Over 5 m,Over 5 m,Over 5 m,Over 5 m,Over 5 m,Over 5 m,Over 5 m,Over 5 m,Over 5 m,Over 5 m,Over 5 m,,05/30/2026 12:18:17,,methall@wisc.edu
05/30/2026 10:52 AM,Polli,Sunny,84,1023,1036,Stress-Related - Vigilance,,1220,1309,Stress-Related - Vigilance,,,,,,,,,,,,,,,,,,,,,,,,,,,,,,,,,,,,,,,,,,,,,,,,,,,,,,,,,,,,,,,,,,,,,,,,,,,,,,,,,,,,,,,,,,,,,,,,,,,,,,,,,,,,,,,,,,,,,,,,,,Rest,Rest,Rest,Rest,Rest,Rest,Rest,Rest,Less than 2 m,Less than 2 m,Less than 2 m,Less than 2 m,Less than 2 m,Less than 2 m,Less than 2 m,Less than 2 m,,,,,,,,,Over 5 m,Over 5 m,Over 5 m,Over 5 m,Over 5 m,Over 5 m,Over 5 m,Over 5 m,Over 5 m,Over 5 m,Over 5 m,Over 5 m,Over 5 m,Over 5 m,Over 5 m,Over 5 m,,05/30/2026 12:18:20,,methall@wisc.edu
05/30/2026 11:12 AM,Chagall,Sunny,84,0,823,Affiliative - Contact sit,Tracy Chapman,1034,1049,Affiliative - Give grooming,Tracy Chapman,1435,1444,Stress-Related - Vigilance,,,,,,,,,,,,,,,,,,,,,,,,,,,,,,,,,,,,,,,,,,,,,,,,,,,,,,,,,,,,,,,,,,,,,,,,,,,,,,,,,,,,,,,,,,,,,,,,,,,,,,,,,,,,,,,,,,,,,,Rest,Rest,Rest,Rest,Rest,Rest,Rest,Rest,Over 5 m,Over 5 m,Over 5 m,Over 5 m,Over 5 m,Over 5 m,Over 5 m,Over 5 m,Over 5 m,Over 5 m,Over 5 m,Over 5 m,Over 5 m,Over 5 m,Over 5 m,Over 5 m,,,,,,,,,Body contact,Body contact,Body contact,Body contact,Body contact,Less than 2 m,Less than 2 m,Less than 2 m,,05/30/2026 12:18:22,,methall@wisc.edu
05/30/2026 11:28 AM,Tracy Champan,Sunny,84,45,137,Stress-Related - Vigilance,,331,351,Stress-Related - Vigilance,,422,433,Affiliative - Mutual grooming,Chagall,422,650,Affiliative - Contact sit,Chagall,520,610,Stress-Related - Vigilance,,607,645,Affiliative - Receive grooming,Chagall,650,855,Stress-Related - Vigilance,,751,1500,Affiliative - Contact sit,Chagall,1017,1049,Stress-Related - Vigilance,,,,,,,,,,,,,,,,,,,,,,,,,,,,,,,,,,,,,,,,,,,,,,,,,,,,,,,,,,,,,,,,,,,,,,,,,,,,,,,,,,,,,,,,,,,,,,Rest,Rest,Locomotion,Other,Other,Rest,Rest,Rest,Over 5 m,Over 5 m,Over 5 m,Over 5 m,Over 5 m,2-5 m,2-5 m,Over 5 m,Over 5 m,Over 5 m,Over 5 m,Over 5 m,Over 5 m,Over 5 m,Over 5 m,Over 5 m,2-5 m,2-5 m,Less than 2 m,Body contact,Body contact,Body contact,Body contact,Body contact,,,,,,,,,,05/30/2026 12:18:24,,methall@wisc.edu
06/06/2026 09:23 AM,Autumn,Sunny,82,0,200,Affiliative - Contact sit,Polli,53,59,Stress-Related - Vigilance,,208,240,Affiliative - Contact sit,Tracy Chapman,,,,,,,,,,,,,,,,,,,,,,,,,,,,,,,,,,,,,,,,,,,,,,,,,,,,,,,,,,,,,,,,,,,,,,,,,,,,,,,,,,,,,,,,,,,,,,,,,,,,,,,,,,,,,,,,,,,,,Rest,Rest,Rest,Rest,Rest,Rest,Rest,Rest,,,,,,,,,Body contact,Body contact,Less than 2 m,Less than 2 m,Less than 2 m,2-5 m,2-5 m,2-5 m,2-5 m,2-5 m,Less than 2 m,Less than 2 m,Less than 2 m,Less than 2 m,Less than 2 m,Less than 2 m,2-5 m,Less than 2 m,Less than 2 m,Less than 2 m,2-5 m,2-5 m,2-5 m,2-5 m,,06/06/2026 11:16:55,,methall@wisc.edu
06/06/2026 09:38 AM,Tracy Champan,Sunny,82,0,312,Affiliative - Contact sit,Chagall,0,300,Affiliative - Receive grooming,Chagall,305,310,Stress-Related - Self-groom,,752,756,Stress-Related - Vigilance,,1429,1440,Stress-Related - Self-groom,Autumn,1440,1500,Stress-Related - Vigilance,,,,,,,,,,,,,,,,,,,,,,,,,,,,,,,,,,,,,,,,,,,,,,,,,,,,,,,,,,,,,,,,,,,,,,,,,,,,,,,,,,,,,,,,,,,,,,,,,,,,,,,,,,Social,Social,Rest,Rest,Rest,Rest,Rest,Rest,2-5 m,2-5 m,Less than 2 m,Less than 2 m,Less than 2 m,Less than 2 m,Less than 2 m,Less than 2 m,2-5 m,2-5 m,2-5 m,2-5 m,2-5 m,2-5 m,2-5 m,2-5 m,Body contact,Body contact,2-5 m,2-5 m,2-5 m,2-5 m,2-5 m,2-5 m,,,,,,,,,,06/06/2026 11:16:58,,methall@wisc.edu
06/06/2026 09:55 AM,Polli,Sunny,82,0,1500,Affiliative - Contact sit,Chagall,138,211,Stress-Related - Vigilance,,646,648,Stress-Related - Yawn,,648,704,Stress-Related - Vigilance,,,,,,,,,,,,,,,,,,,,,,,,,,,,,,,,,,,,,,,,,,,,,,,,,,,,,,,,,,,,,,,,,,,,,,,,,,,,,,,,,,,,,,,,,,,,,,,,,,,,,,,,,,,,,,,,,,Rest,Other,Rest,Rest,Rest,Rest,Rest,Rest,2-5 m,2-5 m,2-5 m,2-5 m,2-5 m,2-5 m,2-5 m,2-5 m,,,,,,,,,Body contact,Body contact,Body contact,Body contact,Body contact,Body contact,Body contact,Body contact,2-5 m,2-5 m,2-5 m,2-5 m,2-5 m,2-5 m,2-5 m,2-5 m,duplicate entry?,06/07/2026 11:57:29,,methall@wisc.edu
06/06/2026 09:55 AM,Polli,Sunny,82,0,1500,Affiliative - Contact sit,Chagall,138,211,Stress-Related - Vigilance,,646,648,Stress-Related - Yawn,,648,704,Stress-Related - Vigilance,,,,,,,,,,,,,,,,,,,,,,,,,,,,,,,,,,,,,,,,,,,,,,,,,,,,,,,,,,,,,,,,,,,,,,,,,,,,,,,,,,,,,,,,,,,,,,,,,,,,,,,,,,,,,,,,,,Rest,Other,Rest,Rest,Rest,Rest,Rest,Rest,2-5 m,2-5 m,2-5 m,2-5 m,2-5 m,2-5 m,2-5 m,2-5 m,,,,,,,,,Body contact,Body contact,Body contact,Body contact,Body contact,Body contact,Body contact,Body contact,2-5 m,2-5 m,2-5 m,2-5 m,2-5 m,2-5 m,2-5 m,2-5 m,,06/06/2026 11:16:59,,methall@wisc.edu
06/06/2026 10:10 AM,Chagall,Sunny,82,0,843,Affiliative - Contact sit,Polli,814,847,Stress-Related - Vigilance,,1025,1027,Stress-Related - Yawn,,,,,,,,,,,,,,,,,,,,,,,,,,,,,,,,,,,,,,,,,,,,,,,,,,,,,,,,,,,,,,,,,,,,,,,,,,,,,,,,,,,,,,,,,,,,,,,,,,,,,,,,,,,,,,,,,,,,,,Rest,Rest,Rest,Rest,Rest,Other,Rest,Rest,2-5 m,2-5 m,2-5 m,2-5 m,2-5 m,2-5 m,2-5 m,2-5 m,Body contact,Body contact,Body contact,Body contact,Body contact,Over 5 m,Over 5 m,Over 5 m,,,,,,,,,2-5 m,2-5 m,2-5 m,2-5 m,2-5 m,2-5 m,2-5 m,2-5 m,,06/06/2026 13:41:23,,methall@wisc.edu
06/06/2026 10:26 AM,Autumn,Sunny,82,245,251,Stress-Related - Vigilance,,822,849,Stress-Related - Self-groom,,855,857,Stress-Related - Yawn,,,,,,,,,,,,,,,,,,,,,,,,,,,,,,,,,,,,,,,,,,,,,,,,,,,,,,,,,,,,,,,,,,,,,,,,,,,,,,,,,,,,,,,,,,,,,,,,,,,,,,,,,,,,,,,,,,,,,,Rest,Rest,Rest,Rest,Rest,Rest,Rest,Rest,,,,,,,,,Over 5 m,Over 5 m,Over 5 m,Over 5 m,Over 5 m,Over 5 m,Over 5 m,Over 5 m,2-5 m,2-5 m,2-5 m,2-5 m,2-5 m,Over 5 m,Over 5 m,Over 5 m,Less than 2 m,Less than 2 m,Less than 2 m,Less than 2 m,Less than 2 m,Over 5 m,Over 5 m,Over 5 m,,06/06/2026 13:41:26,,methall@wisc.edu
06/06/2026 10:41 AM,Tracy Champan,Sunny,82,0,928,Affiliative - Contact sit,Chagall,0,113,Affiliative - Mutual grooming,Chagall,113,155,Affiliative - Receive grooming,Chagall,205,220,Affiliative - Give grooming,Chagall,235,245,Affiliative - Give grooming,Chagall,442,531,Stress-Related - Vigilance,,901,928,Stress-Related - Vigilance,,946,1048,Affiliative - Contact sit,Autumn,952,1038,Affiliative - Mutual grooming,Autumn,1043,1048,Stress-Related - Self-scratch,,1052,1112,Stress-Related - Self-groom,,1125,1134,Stress-Related - Self-groom,,,,,,,,,,,,,,,,,,,,,,,,,,,,,,,,,,,,,,,,,,,,,,,,,,,,,,,,,,,,,,,,,,,,,,,,,,,,,,,,,,Social,Rest,Rest,Rest,Rest,Social,Rest,Rest,Over 5 m,Over 5 m,Over 5 m,Over 5 m,Over 5 m,Body contact,2-5 m,2-5 m,Over 5 m,Over 5 m,Over 5 m,Over 5 m,Over 5 m,2-5 m,2-5 m,2-5 m,Body contact,Body contact,Body contact,Body contact,Body contact,Over 5 m,Over 5 m,Over 5 m,,,,,,,,,,06/06/2026 13:41:30,,methall@wisc.edu
06/06/2026 11:45 AM,Polli,Cloudy,84,0,1309,Affiliative - Contact sit,Autumn,0,203,Affiliative - Give grooming,Autumn,203,254,Affiliative - Receive grooming,Autumn,326,416,Affiliative - Mutual grooming,Autumn,1125,1128,Affiliative - Greet,Chagall,1128,1157,Affiliative - Mutual grooming,Chagall,1226,1236,Affiliative - Mutual grooming,Autumn,1257,1259,Stress-Related - Yawn,,1300,1309,Affiliative - Mutual grooming,Chagall,1330,1338,Stress-Related - Self-groom,,,,,,,,,,,,,,,,,,,,,,,,,,,,,,,,,,,,,,,,,,,,,,,,,,,,,,,,,,,,,,,,,,,,,,,,,,,,,,,,,,,,,,,,,,Social,Social,Social,Rest,Rest,Rest,Rest,Rest,Body contact,Body contact,Body contact,Body contact,Body contact,Body contact,Body contact,2-5 m,,,,,,,,,2-5 m,2-5 m,2-5 m,2-5 m,2-5 m,2-5 m,Less than 2 m,2-5 m,2-5 m,2-5 m,2-5 m,2-5 m,2-5 m,2-5 m,2-5 m,2-5 m,,06/06/2026 13:41:33,,methall@wisc.edu
06/06/2026 12:00 PM,Chagall,Cloudy,84,0,324,Affiliative - Contact sit,Autumn,354,358,Agonistic - Displace,Tracy Chapman,406,417,Stress-Related - Self-scratch,,436,457,Stress-Related - Self-groom,,457,506,Stress-Related - Self-scratch,,513,521,Stress-Related - Self-groom,,533,619,Stress-Related - Self-groom,,636,644,Stress-Related - Self-scratch,,645,654,Stress-Related - Self-groom,,654,706,Stress-Related - Self-scratch,,717,741,Stress-Related - Self-groom,,741,903,Stress-Related - Vigilance,,922,1030,Stress-Related - Vigilance,,1037,1052,Stress-Related - Self-groom,,1052,1101,Stress-Related - Vigilance,,1101,1110,Stress-Related - Self-groom,,1121,1247,Stress-Related - Vigilance,,1432,1500,Stress-Related - Self-groom,,,,,,,,,,,,,,,,,,,,,,,,,,,,,,,,,,,,,,,,,,,,,,,,,,,,,,,,,,Rest,Rest,Other,Other,Other,Other,Other,Other,Body contact,Body contact,Over 5 m,Over 5 m,Over 5 m,Over 5 m,Over 5 m,Over 5 m,2-5 m,2-5 m,Over 5 m,Over 5 m,Over 5 m,Over 5 m,Over 5 m,Over 5 m,,,,,,,,,2-5 m,2-5 m,Less than 2 m,Over 5 m,2-5 m,2-5 m,2-5 m,2-5 m,,06/06/2026 13:41:37,,methall@wisc.edu
06/06/2026 12:50 PM,Autumn,Sunny,86,130,459,Stress-Related - Vigilance,,459,506,Stress-Related - Self-groom,,1049,1107,Stress-Related - Self-groom,,1107,1127,Stress-Related - Vigilance,,1207,1216,Stress-Related - Vigilance,,,,,,,,,,,,,,,,,,,,,,,,,,,,,,,,,,,,,,,,,,,,,,,,,,,,,,,,,,,,,,,,,,,,,,,,,,,,,,,,,,,,,,,,,,,,,,,,,,,,,,,,,,,,,,Locomotion,Other,Other,Rest,Rest,Rest,Rest,Rest,,,,,,,,,Over 5 m,Over 5 m,2-5 m,2-5 m,2-5 m,2-5 m,2-5 m,2-5 m,Over 5 m,2-5 m,2-5 m,2-5 m,2-5 m,2-5 m,2-5 m,2-5 m,2-5 m,2-5 m,2-5 m,2-5 m,2-5 m,2-5 m,2-5 m,2-5 m,,06/06/2026 13:41:40,,methall@wisc.edu
06/06/2026 02:35 PM,Tracy Champan,Sunny,86,203,216,Affiliative - Give grooming,Chagall,216,222,Affiliative - Mutual grooming,Chagall,307,318,Affiliative - Receive grooming,Chagall,307,448,Affiliative - Contact sit,,434,445,Stress-Related - Vigilance,,551,607,Stress-Related - Vigilance,,748,806,Affiliative - Give grooming,Chagall,748,1026,Affiliative - Contact sit,Chagall,832,840,Affiliative - Mutual grooming,Chagall,859,920,Affiliative - Mutual grooming,Chagall,920,1020,Stress-Related - Vigilance,,,,,,,,,,,,,,,,,,,,,,,,,,,,,,,,,,,,,,,,,,,,,,,,,,,,,,,,,,,,,,,,,,,,,,,,,,,,,,,,,,,,,,Rest,Rest,Rest,Other,Social,Other,Rest,Rest,Over 5 m,Over 5 m,Over 5 m,Over 5 m,Over 5 m,Over 5 m,Over 5 m,Over 5 m,Over 5 m,Over 5 m,Over 5 m,Over 5 m,Over 5 m,Over 5 m,Over 5 m,Over 5 m,Less than 2 m,Less than 2 m,Body contact,Less than 2 m,Body contact,Body contact,Less than 2 m,Less than 2 m,,,,,,,,,,06/06/2026 15:16:00,,methall@wisc.edu
06/06/2026 02:49 PM,Polli,Sunny,86,0,1028,Affiliative - Contact sit,Autumn,112,123,Stress-Related - Self-groom,,134,136,Stress-Related - Yawn,,259,307,Stress-Related - Vigilance,,513,523,Stress-Related - Vigilance,,545,550,Stress-Related - Vigilance,,1025,1028,Affiliative - Mutual grooming,Autumn,1054,1058,Affiliative - Greet,Tracy Chapman,1058,1500,Affiliative - Contact sit,Tracy Chapman,1102,1134,Affiliative - Mutual grooming,Tracy Chapman,1154,1245,Affiliative - Give grooming,Tracy Chapman,1300,1304,Stress-Related - Self-scratch,,,,,,,,,,,,,,,,,,,,,,,,,,,,,,,,,,,,,,,,,,,,,,,,,,,,,,,,,,,,,,,,,,,,,,,,,,,,,,,,,,Rest,Rest,Rest,Rest,Rest,Rest,Social,Rest,Body contact,Body contact,Body contact,Body contact,Body contact,Body contact,Over 5 m,Over 5 m,,,,,,,,,Over 5 m,Over 5 m,Over 5 m,Over 5 m,Over 5 m,Over 5 m,Less than 2 m,Less than 2 m,Over 5 m,Over 5 m,Over 5 m,Over 5 m,Over 5 m,Over 5 m,Body contact,Body contact,,06/06/2026 15:16:04,,methall@wisc.edu
06/12/2026 09:47 AM,Polli,Sunny,83,0,40,Affiliative - Contact sit,Chagall,11,18,Affiliative - Receive grooming,Chagall,44,106,Affiliative - Contact sit,Tracy Chapman,46,102,Affiliative - Give grooming,Tracy Chapman,118,121,Stress-Related - Self-groom,,209,216,Stress-Related - Self-groom,,254,326,Stress-Related - Vigilance,,641,710,Stress-Related - Vigilance,,825,900,Stress-Related - Vigilance,,917,939,Stress-Related - Vigilance,,,,,,,,,,,,,,,,,,,,,,,,,,,,,,,,,,,,,,,,,,,,,,,,,,,,,,,,,,,,,,,,,,,,,,,,,,,,,,,,,,,,,,,,,,Rest,Other,Rest,Rest,Rest,Other,Rest,Rest,2-5 m,2-5 m,2-5 m,2-5 m,2-5 m,2-5 m,2-5 m,2-5 m,,,,,,,,,Body contact,2-5 m,2-5 m,2-5 m,2-5 m,2-5 m,2-5 m,2-5 m,2-5 m,2-5 m,2-5 m,2-5 m,2-5 m,2-5 m,2-5 m,2-5 m,,06/12/2026 11:41:46,,methall@wisc.edu
06/12/2026 10:02 AM,Chagall,Sunny,83,826,831,Stress-Related - Self-scratch,,1322,1431,Stress-Related - Vigilance,,,,,,,,,,,,,,,,,,,,,,,,,,,,,,,,,,,,,,,,,,,,,,,,,,,,,,,,,,,,,,,,,,,,,,,,,,,,,,,,,,,,,,,,,,,,,,,,,,,,,,,,,,,,,,,,,,,,,,,,,,Rest,Rest,Rest,Rest,Rest,Rest,Rest,Other,2-5 m,2-5 m,2-5 m,2-5 m,2-5 m,2-5 m,2-5 m,2-5 m,2-5 m,2-5 m,2-5 m,2-5 m,2-5 m,2-5 m,2-5 m,2-5 m,,,,,,,,,2-5 m,2-5 m,2-5 m,2-5 m,2-5 m,2-5 m,2-5 m,2-5 m,,06/12/2026 11:41:47,,methall@wisc.edu
06/12/2026 10:05 AM,Tracy Champan,Sunny,83,0,121,Affiliative - Contact sit,Autumn,152,228,Stress-Related - Vigilance,,228,234,Stress-Related - Self-groom,,234,230,Stress-Related - Vigilance,,534,541,Stress-Related - Vigilance,,649,709,Stress-Related - Vigilance,,709,716,Stress-Related - Self-groom,,834,841,Stress-Related - Self-groom,,841,945,Stress-Related - Vigilance,,,,,,,,,,,,,,,,,,,,,,,,,,,,,,,,,,,,,,,,,,,,,,,,,,,,,,,,,,,,,,,,,,,,,,,,,,,,,,,,,,,,,,,,,,,,,,Rest,Other,Rest,Rest,Locomotion,Rest,Rest,Rest,Body contact,2-5 m,2-5 m,2-5 m,Over 5 m,Over 5 m,Over 5 m,Over 5 m,2-5 m,Less than 2 m,Less than 2 m,Less than 2 m,2-5 m,Over 5 m,Over 5 m,Over 5 m,2-5 m,Less than 2 m,Less than 2 m,Less than 2 m,2-5 m,Over 5 m,Over 5 m,Over 5 m,,,,,,,,,,06/12/2026 11:41:50,,methall@wisc.edu
06/12/2026 10:19 AM,Autumn,Sunny,83,217,234,Stress-Related - Vigilance,,,,,,,,,,,,,,,,,,,,,,,,,,,,,,,,,,,,,,,,,,,,,,,,,,,,,,,,,,,,,,,,,,,,,,,,,,,,,,,,,,,,,,,,,,,,,,,,,,,,,,,,,,,,,,,,,,,,,,,,,,,,,,Rest,Rest,Rest,Rest,Rest,Rest,Rest,Rest,,,,,,,,,2-5 m,2-5 m,2-5 m,2-5 m,2-5 m,2-5 m,2-5 m,2-5 m,2-5 m,2-5 m,2-5 m,2-5 m,2-5 m,2-5 m,2-5 m,2-5 m,Over 5 m,Over 5 m,Over 5 m,Over 5 m,Over 5 m,Over 5 m,Over 5 m,Over 5 m,,06/12/2026 11:41:57,,methall@wisc.edu
06/12/2026 10:36 AM,Polli,Sunny,83,,,,,,,,,,,,,,,,,,,,,,,,,,,,,,,,,,,,,,,,,,,,,,,,,,,,,,,,,,,,,,,,,,,,,,,,,,,,,,,,,,,,,,,,,,,,,,,,,,,,,,,,,,,,,,,,,,,,,,,,,,,,,,,,,Rest,Rest,Rest,Rest,Rest,Rest,Rest,Rest,2-5 m,2-5 m,2-5 m,2-5 m,2-5 m,2-5 m,2-5 m,2-5 m,,,,,,,,,2-5 m,2-5 m,2-5 m,2-5 m,2-5 m,2-5 m,2-5 m,2-5 m,Over 5 m,Over 5 m,Over 5 m,Over 5 m,Over 5 m,Over 5 m,2-5 m,2-5 m,,06/12/2026 11:41:59,,methall@wisc.edu
06/12/2026 10:49 AM,Chagall,Sunny,83,0,52,Stress-Related - Vigilance,,1005,1010,Stress-Related - Self-scratch,,1216,1221,Stress-Related - Self-scratch,,,,,,,,,,,,,,,,,,,,,,,,,,,,,,,,,,,,,,,,,,,,,,,,,,,,,,,,,,,,,,,,,,,,,,,,,,,,,,,,,,,,,,,,,,,,,,,,,,,,,,,,,,,,,,,,,,,,,,Other,Rest,Rest,Rest,Rest,Other,Rest,Rest,2-5 m,2-5 m,2-5 m,2-5 m,2-5 m,2-5 m,2-5 m,2-5 m,2-5 m,Less than 2 m,Less than 2 m,Less than 2 m,Less than 2 m,Less than 2 m,2-5 m,2-5 m,,,,,,,,,Less than 2 m,Less than 2 m,Less than 2 m,Less than 2 m,Less than 2 m,Less than 2 m,Less than 2 m,Less than 2 m,,06/12/2026 11:42:00,,methall@wisc.edu
06/12/2026 11:03 AM,Tracy Champan,Sunny,84,4,343,Affiliative - Contact sit,Chagall,9,128,Affiliative - Give grooming,Chagall,132,148,Affiliative - Mutual grooming,Chagall,203,209,Stress-Related - Self-scratch,,216,331,Affiliative - Give grooming,Chagall,405,414,Stress-Related - Vigilance,,430,439,Stress-Related - Vigilance,,552,557,Stress-Related - Self-groom,,557,958,Stress-Related - Vigilance,,1236,1305,Affiliative - Give grooming,Chagall,1320,1500,Affiliative - Contact sit,Chagall,,,,,,,,,,,,,,,,,,,,,,,,,,,,,,,,,,,,,,,,,,,,,,,,,,,,,,,,,,,,,,,,,,,,,,,,,,,,,,,,,,,,,Locomotion,Other,Rest,Other,Other,Other,Rest,Rest,2-5 m,2-5 m,2-5 m,2-5 m,2-5 m,2-5 m,2-5 m,2-5 m,2-5 m,2-5 m,Less than 2 m,2-5 m,2-5 m,Less than 2 m,2-5 m,Over 5 m,Less than 2 m,Body contact,Less than 2 m,Less than 2 m,Less than 2 m,Less than 2 m,Less than 2 m,Body contact,,,,,,,,,,06/12/2026 11:42:02,,methall@wisc.edu
06/12/2026 11:19 AM,Autumn,Sunny,84,551,1013,Affiliative - Contact sit,Polli,,,,,,,,,,,,,,,,,,,,,,,,,,,,,,,,,,,,,,,,,,,,,,,,,,,,,,,,,,,,,,,,,,,,,,,,,,,,,,,,,,,,,,,,,,,,,,,,,,,,,,,,,,,,,,,,,,,,,,,,,,,,,Rest,Rest,Rest,Rest,Rest,Rest,Rest,Rest,,,,,,,,,2-5 m,2-5 m,2-5 m,Body contact,Body contact,Body contact,2-5 m,2-5 m,2-5 m,2-5 m,2-5 m,2-5 m,2-5 m,2-5 m,2-5 m,2-5 m,2-5 m,2-5 m,2-5 m,2-5 m,2-5 m,2-5 m,2-5 m,2-5 m,,06/12/2026 11:42:05,,methall@wisc.edu
06/13/2026 09:37 AM,Autumn,Sunny,85,114,122,Stress-Related - Vigilance,,301,524,Stress-Related - Vigilance,,540,545,Stress-Related - Vigilance,,545,552,Stress-Related - Self-scratch,,552,618,Stress-Related - Vigilance,,823,835,Stress-Related - Vigilance,,900,905,Stress-Related - Vigilance,,1030,1037,Stress-Related - Vigilance,,1300,1500,Stress-Related - Vigilance,,,,,,,,,,,,,,,,,,,,,,,,,,,,,,,,,,,,,,,,,,,,,,,,,,,,,,,,,,,,,,,,,,,,,,,,,,,,,,,,,,,,,,,,,,,,,,Rest,Rest,Other,Other,Rest,Rest,Rest,Other,,,,,,,,,Over 5 m,Over 5 m,Over 5 m,Over 5 m,Over 5 m,Over 5 m,Over 5 m,Over 5 m,Less than 2 m,Less than 2 m,Less than 2 m,Less than 2 m,Less than 2 m,Less than 2 m,Less than 2 m,Less than 2 m,Less than 2 m,Less than 2 m,2-5 m,Over 5 m,Over 5 m,Over 5 m,Over 5 m,Over 5 m,,06/13/2026 11:26:54,,methall@wisc.edu
06/13/2026 09:52 AM,Polli,Sunny,85,0,58,Stress-Related - Vigilance,,110,114,Stress-Related - Vigilance,,142,148,Stress-Related - Vigilance,,152,337,Stress-Related - Vigilance,,338,357,Stress-Related - Self-groom,,1310,1350,Stress-Related - Vigilance,,1357,1401,Stress-Related - Self-groom,,1401,1417,Stress-Related - Vigilance,,1417,1449,Stress-Related - Self-groom,,,,,,,,,,,,,,,,,,,,,,,,,,,,,,,,,,,,,,,,,,,,,,,,,,,,,,,,,,,,,,,,,,,,,,,,,,,,,,,,,,,,,,,,,,,,,,Other,Other,Rest,Rest,Rest,Rest,Rest,Other,Over 5 m,Over 5 m,Over 5 m,Over 5 m,Over 5 m,Over 5 m,Over 5 m,Over 5 m,,,,,,,,,Over 5 m,Over 5 m,Over 5 m,Over 5 m,Over 5 m,Over 5 m,Over 5 m,Over 5 m,Over 5 m,Over 5 m,Over 5 m,Over 5 m,Over 5 m,Over 5 m,Over 5 m,Over 5 m,,06/13/2026 11:26:56,,methall@wisc.edu
06/13/2026 10:02 AM,Chagall,Sunny,85,552,709,Affiliative - Contact sit,Autumn,557,726,Stress-Related - Vigilance,,726,735,Stress-Related - Self-groom,,735,747,Stress-Related - Vigilance,,826,918,Affiliative - Contact sit,Autumn,834,928,Stress-Related - Vigilance,,953,1059,Affiliative - Contact sit,Tracy Chapman,955,1019,Affiliative - Mutual grooming,Tracy Chapman,1019,1053,Affiliative - Give grooming,Tracy Chapman,1140,1341,Affiliative - Contact sit,Tracy Chapman,1143,1206,Affiliative - Mutual grooming,Tracy Chapman,1224,1332,Affiliative - Give grooming,Tracy Chapman,1337,1340,Stress-Related - Self-groom,,1414,1422,Stress-Related - Self-scratch,,1426,1500,Stress-Related - Vigilance,,,,,,,,,,,,,,,,,,,,,,,,,,,,,,,,,,,,,,,,,,,,,,,,,,,,,,,,,,,,,,,,,,,,,,Rest,Rest,Rest,Other,Rest,Social,Social,Locomotion,Less than 2 m,Less than 2 m,Less than 2 m,Body contact,Less than 2 m,Over 5 m,Over 5 m,Over 5 m,Over 5 m,Over 5 m,Over 5 m,Over 5 m,Over 5 m,Over 5 m,Over 5 m,Over 5 m,,,,,,,,,Over 5 m,Over 5 m,Over 5 m,Over 5 m,Over 5 m,Body contact,Body contact,2-5 m,,06/13/2026 11:26:58,,methall@wisc.edu
06/13/2026 10:17 AM,Tracy Champan,Sunny,85,0,11,Stress-Related - Vigilance,,11,15,Stress-Related - Self-scratch,,524,554,Stress-Related - Vigilance,,,,,,,,,,,,,,,,,,,,,,,,,,,,,,,,,,,,,,,,,,,,,,,,,,,,,,,,,,,,,,,,,,,,,,,,,,,,,,,,,,,,,,,,,,,,,,,,,,,,,,,,,,,,,,,,,,,,,,Other,Rest,Rest,Rest,Rest,Rest,Rest,Rest,2-5 m,2-5 m,2-5 m,2-5 m,2-5 m,2-5 m,2-5 m,2-5 m,2-5 m,2-5 m,2-5 m,2-5 m,2-5 m,2-5 m,2-5 m,2-5 m,2-5 m,2-5 m,2-5 m,2-5 m,2-5 m,2-5 m,2-5 m,2-5 m,,,,,,,,,,06/13/2026 11:26:59,,methall@wisc.edu
06/13/2026 10:27 AM,Autumn,Sunny,87,0,210,Affiliative - Contact sit,"Polli, Chagall",215,245,Affiliative - Contact sit,Chagall,220,245,Affiliative - Mutual grooming,Chagall,312,327,Stress-Related - Vigilance,,350,356,Stress-Related - Self-groom,,356,411,Stress-Related - Vigilance,,,,,,,,,,,,,,,,,,,,,,,,,,,,,,,,,,,,,,,,,,,,,,,,,,,,,,,,,,,,,,,,,,,,,,,,,,,,,,,,,,,,,,,,,,,,,,,,,,,,,,,,,,Rest,Rest,Other,Rest,Rest,Rest,Rest,Rest,,,,,,,,,Body contact,Body contact,Less than 2 m,2-5 m,2-5 m,2-5 m,2-5 m,2-5 m,Body contact,Body contact,Less than 2 m,Less than 2 m,Less than 2 m,Less than 2 m,Less than 2 m,Less than 2 m,2-5 m,Over 5 m,Over 5 m,Over 5 m,Over 5 m,Over 5 m,2-5 m,Over 5 m,,06/13/2026 11:27:01,,methall@wisc.edu
06/13/2026 10:38 AM,Polli,Sunny,87,,,,,,,,,,,,,,,,,,,,,,,,,,,,,,,,,,,,,,,,,,,,,,,,,,,,,,,,,,,,,,,,,,,,,,,,,,,,,,,,,,,,,,,,,,,,,,,,,,,,,,,,,,,,,,,,,,,,,,,,,,,,,,,,,Rest,Rest,Rest,Rest,Rest,Rest,Rest,Rest,2-5 m,2-5 m,2-5 m,2-5 m,2-5 m,2-5 m,2-5 m,2-5 m,,,,,,,,,2-5 m,2-5 m,2-5 m,2-5 m,2-5 m,2-5 m,2-5 m,2-5 m,2-5 m,2-5 m,Over 5 m,Over 5 m,Over 5 m,Over 5 m,Over 5 m,Over 5 m,,06/13/2026 11:27:02,,methall@wisc.edu
06/13/2026 10:51 AM,Chagall,Sunny,87,1019,1027,Stress-Related - Self-groom,,1027,1107,Stress-Related - Vigilance,,1114,1128,Affiliative - Give grooming,Autumn,1142,1156,Stress-Related - Self-groom,,1302,1328,Stress-Related - Vigilance,,1340,1345,Affiliative - Receive grooming,Tracy Chapman,1359,1500,Affiliative - Give grooming,Tracy Chapman,1357,1500,Affiliative - Contact sit,Tracy Chapman,,,,,,,,,,,,,,,,,,,,,,,,,,,,,,,,,,,,,,,,,,,,,,,,,,,,,,,,,,,,,,,,,,,,,,,,,,,,,,,,,,,,,,,,,,,,,,,,,Rest,Rest,Rest,Rest,Rest,Rest,Rest,Social,Less than 2 m,Less than 2 m,Less than 2 m,Less than 2 m,Less than 2 m,Less than 2 m,Less than 2 m,2-5 m,2-5 m,2-5 m,2-5 m,2-5 m,2-5 m,2-5 m,2-5 m,Over 5 m,,,,,,,,,2-5 m,2-5 m,2-5 m,2-5 m,2-5 m,2-5 m,2-5 m,Body contact,,06/13/2026 11:27:05,,methall@wisc.edu
06/13/2026 11:05 AM,Tracy Champan,Sunny,87,123,132,Stress-Related - Vigilance,,148,208,Stress-Related - Vigilance,,230,307,Affiliative - Contact sit,Chagall,315,327,Stress-Related - Vigilance,,,,,,,,,,,,,,,,,,,,,,,,,,,,,,,,,,,,,,,,,,,,,,,,,,,,,,,,,,,,,,,,,,,,,,,,,,,,,,,,,,,,,,,,,,,,,,,,,,,,,,,,,,,,,,,,,,Other,Other,Rest,Rest,Rest,Rest,Rest,Rest,Over 5 m,Over 5 m,2-5 m,2-5 m,2-5 m,2-5 m,Over 5 m,Over 5 m,Over 5 m,Over 5 m,Over 5 m,Over 5 m,Over 5 m,Over 5 m,Over 5 m,Over 5 m,Less than 2 m,Less than 2 m,2-5 m,2-5 m,2-5 m,2-5 m,2-5 m,2-5 m,,,,,,,,,,06/13/2026 11:27:06,,methall@wisc.edu
06/17/2026 09:33 AM,Tracy Champan,Cloudy,78,641,1500,Affiliative - Contact sit,Chagall,713,718,Stress-Related - Self-groom,,,,,,,,,,,,,,,,,,,,,,,,,,,,,,,,,,,,,,,,,,,,,,,,,,,,,,,,,,,,,,,,,,,,,,,,,,,,,,,,,,,,,,,,,,,,,,,,,,,,,,,,,,,,,,,,,,,,,,,,,,Rest,Rest,Rest,Rest,Rest,Rest,Rest,Rest,Less than 2 m,Less than 2 m,Less than 2 m,Less than 2 m,Less than 2 m,Less than 2 m,Less than 2 m,Less than 2 m,Less than 2 m,Less than 2 m,Less than 2 m,Less than 2 m,Less than 2 m,Less than 2 m,Less than 2 m,Less than 2 m,Less than 2 m,Less than 2 m,Less than 2 m,Less than 2 m,Body contact,Body contact,Body contact,Body contact,,,,,,,,,,06/17/2026 11:29:52,,methall@wisc.edu
06/17/2026 09:48 AM,Autumn,Cloudy,78,,,,,,,,,,,,,,,,,,,,,,,,,,,,,,,,,,,,,,,,,,,,,,,,,,,,,,,,,,,,,,,,,,,,,,,,,,,,,,,,,,,,,,,,,,,,,,,,,,,,,,,,,,,,,,,,,,,,,,,,,,,,,,,,,Rest,Rest,Rest,Rest,Rest,Rest,Rest,Rest,,,,,,,,,2-5 m,2-5 m,2-5 m,2-5 m,2-5 m,2-5 m,2-5 m,2-5 m,Less than 2 m,Less than 2 m,Less than 2 m,Less than 2 m,Less than 2 m,Less than 2 m,Less than 2 m,Less than 2 m,Less than 2 m,Less than 2 m,Less than 2 m,Less than 2 m,Less than 2 m,Less than 2 m,Less than 2 m,Less than 2 m,,06/17/2026 11:29:53,,methall@wisc.edu
06/17/2026 09:58 AM,Chagall,Cloudy,78,347,949,Affiliative - Contact sit,Tracy Chapman,515,541,Affiliative - Receive grooming,Tracy Chapman,838,854,Stress-Related - Vigilance,,854,930,Stress-Related - Self-groom,,930,1014,Stress-Related - Vigilance,,1014,1035,Stress-Related - Self-groom,,1100,1214,Stress-Related - Vigilance,,1348,1414,Stress-Related - Vigilance,,,,,,,,,,,,,,,,,,,,,,,,,,,,,,,,,,,,,,,,,,,,,,,,,,,,,,,,,,,,,,,,,,,,,,,,,,,,,,,,,,,,,,,,,,,,,,,,,,Rest,Rest,Rest,Rest,Rest,Other,Other,Other,Less than 2 m,Less than 2 m,Less than 2 m,Less than 2 m,Less than 2 m,2-5 m,2-5 m,2-5 m,2-5 m,2-5 m,2-5 m,2-5 m,2-5 m,2-5 m,2-5 m,2-5 m,,,,,,,,,Less than 2 m,Less than 2 m,Body contact,Body contact,Body contact,Less than 2 m,Less than 2 m,Less than 2 m,,06/17/2026 11:29:56,,methall@wisc.edu
06/17/2026 10:09 AM,Polli,Cloudy,78,42,44,Stress-Related - Yawn,,124,735,Affiliative - Contact sit,Tracy Chapman,805,903,Affiliative - Contact sit,Tracy Chapman,917,930,Stress-Related - Self-groom,,949,956,Stress-Related - Vigilance,,956,1015,Stress-Related - Self-groom,,,,,,,,,,,,,,,,,,,,,,,,,,,,,,,,,,,,,,,,,,,,,,,,,,,,,,,,,,,,,,,,,,,,,,,,,,,,,,,,,,,,,,,,,,,,,,,,,,,,,,,,,,Rest,Rest,Rest,Rest,Rest,Other,Rest,Rest,Less than 2 m,Less than 2 m,Less than 2 m,Less than 2 m,Less than 2 m,Less than 2 m,Less than 2 m,2-5 m,,,,,,,,,2-5 m,Less than 2 m,Less than 2 m,Less than 2 m,Less than 2 m,Less than 2 m,Less than 2 m,Less than 2 m,2-5 m,Body contact,Body contact,Body contact,Less than 2 m,Less than 2 m,Less than 2 m,Less than 2 m,,06/17/2026 11:29:58,,methall@wisc.edu
06/17/2026 10:24 AM,Tracy Champan,Cloudy,80,1312,1316,Stress-Related - Self-groom,,,,,,,,,,,,,,,,,,,,,,,,,,,,,,,,,,,,,,,,,,,,,,,,,,,,,,,,,,,,,,,,,,,,,,,,,,,,,,,,,,,,,,,,,,,,,,,,,,,,,,,,,,,,,,,,,,,,,,,,,,,,,,Rest,Rest,Rest,Rest,Rest,Rest,Rest,Rest,2-5 m,2-5 m,2-5 m,2-5 m,2-5 m,2-5 m,Less than 2 m,Less than 2 m,Less than 2 m,Less than 2 m,Less than 2 m,Less than 2 m,Less than 2 m,Less than 2 m,Less than 2 m,Less than 2 m,2-5 m,2-5 m,2-5 m,2-5 m,2-5 m,2-5 m,2-5 m,2-5 m,,,,,,,,,,06/17/2026 11:29:59,,methall@wisc.edu
06/17/2026 10:34 AM,Autumn,Cloudy,80,255,306,Stress-Related - Vigilance,,320,329,Stress-Related - Vigilance,,407,414,Stress-Related - Self-groom,,728,739,Stress-Related - Vigilance,,1325,1331,Stress-Related - Vigilance,,,,,,,,,,,,,,,,,,,,,,,,,,,,,,,,,,,,,,,,,,,,,,,,,,,,,,,,,,,,,,,,,,,,,,,,,,,,,,,,,,,,,,,,,,,,,,,,,,,,,,,,,,,,,,Rest,Rest,Rest,Rest,Rest,Rest,Rest,Rest,,,,,,,,,Less than 2 m,Less than 2 m,Less than 2 m,Less than 2 m,Less than 2 m,Less than 2 m,Less than 2 m,Less than 2 m,Less than 2 m,Less than 2 m,Less than 2 m,Less than 2 m,Less than 2 m,Less than 2 m,Less than 2 m,Less than 2 m,Less than 2 m,Less than 2 m,2-5 m,2-5 m,2-5 m,2-5 m,Less than 2 m,Less than 2 m,,06/17/2026 11:30:04,,methall@wisc.edu
06/17/2026 10:49 AM,Chagall,Cloudy,80,0,241,Affiliative - Contact sit,Tracy Chapman,4,241,Affiliative - Mutual grooming,Tracy Chapman,309,353,Stress-Related - Vigilance,,415,420,Stress-Related - Vigilance,,420,427,Stress-Related - Self-groom,,427,520,Stress-Related - Vigilance,,520,530,Stress-Related - Self-groom,,530,913,Stress-Related - Vigilance,,913,924,Stress-Related - Self-groom,,924,927,Stress-Related - Self-scratch,,927,1006,Stress-Related - Vigilance,,1006,1015,Stress-Related - Self-groom,,1015,1027,Stress-Related - Vigilance,,1027,1040,Stress-Related - Self-groom,,1044,1104,Affiliative - Contact sit,Tracy Chapman,1046,1100,Affiliative - Receive grooming,Tracy Chapman,1100,1122,Stress-Related - Vigilance,,1122,1157,Stress-Related - Self-groom,,1157,1234,Stress-Related - Vigilance,,1234,1320,Stress-Related - Self-groom,,1320,1330,Stress-Related - Vigilance,,1330,1338,Stress-Related - Self-groom,,1338,1342,Stress-Related - Vigilance,,1354,1438,Stress-Related - Vigilance,,,,,,,,,,,,,,,,,,,,,,,,,,,,,,,,,,Rest,Social,Locomotion,Locomotion,Other,Other,Other,Other,Less than 2 m,Less than 2 m,Less than 2 m,Over 5 m,Over 5 m,Over 5 m,Over 5 m,Over 5 m,2-5 m,2-5 m,2-5 m,Less than 2 m,Less than 2 m,2-5 m,2-5 m,Over 5 m,,,,,,,,,Body contact,Body contact,2-5 m,2-5 m,Over 5 m,Over 5 m,2-5 m,Less than 2 m,,06/17/2026 11:30:07,,methall@wisc.edu
06/17/2026 11:03 AM,Polli,Cloudy,80,0,22,Stress-Related - Vigilance,,22,26,Stress-Related - Self-scratch,,26,34,Stress-Related - Self-groom,,123,132,Stress-Related - Vigilance,,132,136,Stress-Related - Self-scratch,,140,201,Stress-Related - Self-groom,Polli,201,218,Stress-Related - Vigilance,,232,238,Stress-Related - Self-scratch,,451,502,Stress-Related - Vigilance,,502,510,Stress-Related - Self-groom,,546,632,Stress-Related - Vigilance,,838,906,Stress-Related - Vigilance,,906,917,Stress-Related - Self-groom,,917,921,Stress-Related - Self-scratch,,921,939,Stress-Related - Self-groom,,939,952,Stress-Related - Vigilance,,958,1036,Stress-Related - Self-groom,,1036,1047,Stress-Related - Vigilance,,1047,1104,Stress-Related - Self-groom,,1115,1120,Stress-Related - Vigilance,,1120,1138,Stress-Related - Self-groom,,1138,1150,Stress-Related - Vigilance,,1150,1239,Stress-Related - Self-groom,,1303,1500,Affiliative - Contact sit,Tracy Chapman,1306,1312,Affiliative - Mutual grooming,Tracy Chapman,1315,1405,Affiliative - Receive grooming,Tracy Chapman,,,,,,,,,,,,,,,,,,,,,,,,,Other,Other,Rest,Other,Rest,Other,Other,Social,Over 5 m,Over 5 m,2-5 m,2-5 m,2-5 m,2-5 m,2-5 m,2-5 m,,,,,,,,,Over 5 m,Over 5 m,2-5 m,2-5 m,2-5 m,2-5 m,2-5 m,2-5 m,Over 5 m,Over 5 m,2-5 m,Over 5 m,2-5 m,2-5 m,2-5 m,Body contact,,06/17/2026 11:30:08,,methall@wisc.edu
06/20/2026 10:26 AM,Tracy Champan,Cloudy,86,0,1500,Affiliative - Contact sit,"Autumn, Chagall",,,,,,,,,,,,,,,,,,,,,,,,,,,,,,,,,,,,,,,,,,,,,,,,,,,,,,,,,,,,,,,,,,,,,,,,,,,,,,,,,,,,,,,,,,,,,,,,,,,,,,,,,,,,,,,,,,,,,,,,,,,,,Rest,Rest,Rest,Rest,Rest,Rest,Rest,Rest,Body contact,Body contact,Body contact,Body contact,Body contact,Body contact,Body contact,Body contact,2-5 m,2-5 m,2-5 m,2-5 m,2-5 m,2-5 m,2-5 m,2-5 m,Body contact,Body contact,Body contact,Body contact,Body contact,Body contact,Body contact,Body contact,,,,,,,,,,06/22/2026 10:51:31,,methall@wisc.edu
06/20/2026 10:42 AM,Autumn,Cloudy,86,0,914,Affiliative - Contact sit,"Chagall, Tracy Chapman",1213,1330,Stress-Related - Self-groom,,914,1500,Affiliative - Contact sit,Tracy Chapman,,,,,,,,,,,,,,,,,,,,,,,,,,,,,,,,,,,,,,,,,,,,,,,,,,,,,,,,,,,,,,,,,,,,,,,,,,,,,,,,,,,,,,,,,,,,,,,,,,,,,,,,,,,,,,,,,,,,,Rest,Rest,Rest,Rest,Rest,Rest,Rest,Rest,,,,,,,,,2-5 m,2-5 m,2-5 m,2-5 m,2-5 m,2-5 m,2-5 m,2-5 m,Body contact,Body contact,Body contact,Body contact,Body contact,Less than 2 m,Less than 2 m,Less than 2 m,Body contact,Body contact,Body contact,Body contact,Body contact,Body contact,Body contact,Body contact,,06/22/2026 10:51:34,,methall@wisc.edu
06/20/2026 10:52 AM,Chagall,Cloudy,87,308,1500,Affiliative - Contact sit,Autumn,839,913,Affiliative - Give grooming,Autumn,913,1038,Affiliative - Receive grooming,Autumn,1102,1145,Affiliative - Mutual grooming,Autumn,,,,,,,,,,,,,,,,,,,,,,,,,,,,,,,,,,,,,,,,,,,,,,,,,,,,,,,,,,,,,,,,,,,,,,,,,,,,,,,,,,,,,,,,,,,,,,,,,,,,,,,,,,,,,,,,,Rest,Rest,Rest,Rest,Rest,Social,Social,Rest,Less than 2 m,Less than 2 m,Body contact,Body contact,Body contact,Body contact,Body contact,Body contact,2-5 m,2-5 m,2-5 m,2-5 m,2-5 m,2-5 m,2-5 m,2-5 m,,,,,,,,,Less than 2 m,Less than 2 m,Less than 2 m,Less than 2 m,Less than 2 m,Less than 2 m,Less than 2 m,Less than 2 m,,06/22/2026 10:51:38,,methall@wisc.edu
06/20/2026 11:06 AM,Polli,Sunny,87,255,259,Stress-Related - Vigilance,Chagall,1437,1450,Stress-Related - Vigilance,,,,,,,,,,,,,,,,,,,,,,,,,,,,,,,,,,,,,,,,,,,,,,,,,,,,,,,,,,,,,,,,,,,,,,,,,,,,,,,,,,,,,,,,,,,,,,,,,,,,,,,,,,,,,,,,,,,,,,,,,,Rest,Rest,Rest,Rest,Rest,Rest,Rest,Rest,2-5 m,2-5 m,2-5 m,2-5 m,2-5 m,2-5 m,2-5 m,2-5 m,,,,,,,,,2-5 m,2-5 m,2-5 m,2-5 m,2-5 m,2-5 m,2-5 m,2-5 m,2-5 m,2-5 m,2-5 m,2-5 m,2-5 m,2-5 m,2-5 m,2-5 m,,06/22/2026 10:51:42,,methall@wisc.edu
06/26/2026 11:06 AM,Autumn,Sunny,87,0,543,Affiliative - Contact sit,Chagall,412,420,Affiliative - Give grooming,Chagall,420,435,Affiliative - Receive grooming,Chagall,451,523,Affiliative - Receive grooming,Chagall,549,555,Stress-Related - Self-scratch,,616,637,Stress-Related - Self-groom,,649,657,Stress-Related - Self-groom,,732,747,Stress-Related - Self-groom,,757,806,Stress-Related - Self-groom,,1259,1303,Stress-Related - Self-scratch,,,,,,,,,,,,,,,,,,,,,,,,,,,,,,,,,,,,,,,,,,,,,,,,,,,,,,,,,,,,,,,,,,,,,,,,,,,,,,,,,,,,,,,,,,Rest,Rest,Rest,Other,Other,Rest,Rest,Rest,,,,,,,,,2-5 m,2-5 m,2-5 m,2-5 m,2-5 m,2-5 m,2-5 m,2-5 m,Body contact,Body contact,Body contact,2-5 m,Over 5 m,Over 5 m,Over 5 m,Over 5 m,Over 5 m,Over 5 m,Over 5 m,Over 5 m,Over 5 m,Over 5 m,Over 5 m,Over 5 m,,06/26/2026 11:41:45,,methall@wisc.edu
06/26/2026 11:21 AM,Polli,Sunny,87,213,246,Stress-Related - Vigilance,,,,,,,,,,,,,,,,,,,,,,,,,,,,,,,,,,,,,,,,,,,,,,,,,,,,,,,,,,,,,,,,,,,,,,,,,,,,,,,,,,,,,,,,,,,,,,,,,,,,,,,,,,,,,,,,,,,,,,,,,,,,,,Rest,Rest,Rest,Rest,Rest,Rest,Rest,Rest,2-5 m,2-5 m,2-5 m,2-5 m,2-5 m,2-5 m,2-5 m,2-5 m,,,,,,,,,2-5 m,2-5 m,2-5 m,2-5 m,2-5 m,2-5 m,2-5 m,2-5 m,2-5 m,2-5 m,2-5 m,2-5 m,2-5 m,2-5 m,2-5 m,2-5 m,,06/26/2026 11:41:53,,methall@wisc.edu
06/27/2026 09:51 AM,Tracy Champan,Sunny,85,0,48,Affiliative - Contact sit,Chagall,0,44,Affiliative - Mutual grooming,Chagall,48,210,Affiliative - Contact sit,Autumn,48,104,Affiliative - Mutual grooming,Autumn,120,135,Affiliative - Receive grooming,Autumn,135,204,Affiliative - Mutual grooming,Autumn,622,648,Affiliative - Receive grooming,Autumn,733,750,Stress-Related - Self-groom,,830,1301,Affiliative - Contact sit,Chagall,1124,1157,Stress-Related - Self-groom,,1403,1500,Affiliative - Contact sit,,,,,,,,,,,,,,,,,,,,,,,,,,,,,,,,,,,,,,,,,,,,,,,,,,,,,,,,,,,,,,,,,,,,,,,,,,,,,,,,,,,,,,Social,Social,Rest,Rest,Rest,Rest,Other,Rest,Less than 2 m,Body contact,Less than 2 m,Less than 2 m,Less than 2 m,Less than 2 m,Less than 2 m,Less than 2 m,2-5 m,2-5 m,2-5 m,2-5 m,2-5 m,2-5 m,2-5 m,2-5 m,Body contact,Less than 2 m,Less than 2 m,Less than 2 m,Less than 2 m,Body contact,Body contact,Less than 2 m,,,,,,,,,,06/27/2026 10:59:29,,methall@wisc.edu
06/27/2026 10:07 AM,Chagall,Sunny,85,0,938,Affiliative - Contact sit,Tracy Chapman,,,,,,,,,,,,,,,,,,,,,,,,,,,,,,,,,,,,,,,,,,,,,,,,,,,,,,,,,,,,,,,,,,,,,,,,,,,,,,,,,,,,,,,,,,,,,,,,,,,,,,,,,,,,,,,,,,,,,,,,,,,,,Rest,Rest,Rest,Rest,Rest,Rest,Rest,Rest,Less than 2 m,Less than 2 m,Less than 2 m,Less than 2 m,Less than 2 m,Less than 2 m,Less than 2 m,Less than 2 m,2-5 m,2-5 m,2-5 m,2-5 m,2-5 m,Less than 2 m,Less than 2 m,Less than 2 m,,,,,,,,,Body contact,Body contact,Body contact,Body contact,Body contact,Less than 2 m,Less than 2 m,Less than 2 m,,06/27/2026 10:59:30,,methall@wisc.edu
06/27/2026 01:44 PM,Polli,Cloudy,90,0,24,Affiliative - Contact sit,Tracy Chapman,109,120,Stress-Related - Self-groom,,314,326,Stress-Related - Vigilance,,331,338,Stress-Related - Self-scratch,,342,352,Stress-Related - Self-groom,,410,421,Stress-Related - Self-groom,,445,501,Stress-Related - Vigilance,,516,525,Stress-Related - Vigilance,,527,534,Stress-Related - Self-groom,,610,618,Stress-Related - Vigilance,,650,653,Stress-Related - Self-groom,,653,726,Stress-Related - Vigilance,,726,,Affiliative - Contact sit,Tracy Chapman,735,837,Affiliative - Mutual grooming,Tracy Chapman,855,932,Affiliative - Play,Tracy Chapman,932,935,Submission - Be displaced,,955,1300,Stress-Related - Vigilance,,1230,1234,Stress-Related - Self-scratch,,1308,1427,Stress-Related - Vigilance,,1347,1349,Affiliative - Greet,Chagall,,,,,,,,,,,,,,,,,,,,,,,,,,,,,,,,,,,,,,,,,,,,,,,,,Rest,Rest,Other,Other,Social,Other,Locomotion,Locomotion,Over 5 m,Over 5 m,2-5 m,2-5 m,2-5 m,Over 5 m,Over 5 m,2-5 m,,,,,,,,,Less than 2 m,Less than 2 m,Less than 2 m,Less than 2 m,2-5 m,Over 5 m,Over 5 m,2-5 m,Body contact,Less than 2 m,Over 5 m,Over 5 m,2-5 m,Over 5 m,Over 5 m,2-5 m,,06/27/2026 15:11:33,,methall@wisc.edu
06/27/2026 02:11 PM,Autumn,Cloudy,90,0,9,Affiliative - Mutual grooming,Tracy Chapman,46,50,Stress-Related - Self-scratch,,150,202,Stress-Related - Vigilance,,217,231,Stress-Related - Self-groom,,259,302,Stress-Related - Self-scratch,,302,317,Stress-Related - Self-groom,,335,340,Stress-Related - Self-scratch,,430,433,Stress-Related - Self-scratch,,555,637,Stress-Related - Self-groom,,733,739,Stress-Related - Vigilance,,912,937,Stress-Related - Self-groom,,949,1022,Stress-Related - Self-groom,,1030,1047,Stress-Related - Self-groom,,1225,1229,Stress-Related - Self-scratch,,1300,1308,Stress-Related - Self-groom,,1321,1416,Stress-Related - Self-groom,,1451,1500,Stress-Related - Self-groom,,,,,,,,,,,,,,,,,,,,,,,,,,,,,,,,,,,,,,,,,,,,,,,,,,,,,,,,,,,,,,Social,Other,Other,Other,Rest,Other,Rest,Other,,,,,,,,,2-5 m,2-5 m,2-5 m,Less than 2 m,Less than 2 m,Less than 2 m,Less than 2 m,Less than 2 m,2-5 m,2-5 m,Less than 2 m,Less than 2 m,Less than 2 m,Less than 2 m,2-5 m,2-5 m,Body contact,2-5 m,Less than 2 m,Less than 2 m,Less than 2 m,Less than 2 m,Less than 2 m,Less than 2 m,,06/27/2026 15:11:36,,methall@wisc.edu
07/03/2026 09:48 AM,Tracy Champan,Sunny,83,0,25,Affiliative - Mutual grooming,Chagall,0,446,Affiliative - Contact sit,Chagall,125,130,Stress-Related - Self-groom,,410,413,Stress-Related - Self-groom,,515,531,Stress-Related - Vigilance,,650,1138,Affiliative - Contact sit,Chagall,658,720,Stress-Related - Vigilance,,720,726,Stress-Related - Self-scratch,,726,802,Stress-Related - Self-groom,,802,808,Stress-Related - Self-scratch,,932,948,Stress-Related - Vigilance,,1020,1035,Stress-Related - Vigilance,,1333,1345,Stress-Related - Vigilance,,1407,1434,Stress-Related - Vigilance,,,,,,,,,,,,,,,,,,,,,,,,,,,,,,,,,,,,,,,,,,,,,,,,,,,,,,,,,,,,,,,,,,,,,,,,,,Social,Rest,Other,Rest,Other,Rest,Rest,Other,Over 5 m,Over 5 m,Over 5 m,Over 5 m,Over 5 m,Over 5 m,Over 5 m,Over 5 m,Less than 2 m,Less than 2 m,Less than 2 m,Less than 2 m,Less than 2 m,Less than 2 m,2-5 m,2-5 m,Body contact,Body contact,Body contact,Less than 2 m,Body contact,Body contact,Less than 2 m,2-5 m,,,,,,,,,,07/03/2026 12:07:24,,methall@wisc.edu
07/03/2026 10:23 AM,Chagall,Sunny,85,0,503,Stress-Related - Vigilance,,507,932,Affiliative - Contact sit,Polli,1137,1146,Stress-Related - Self-scratch,,1225,1246,Stress-Related - Vigilance,,1246,1252,Stress-Related - Self-scratch,,,,,,,,,,,,,,,,,,,,,,,,,,,,,,,,,,,,,,,,,,,,,,,,,,,,,,,,,,,,,,,,,,,,,,,,,,,,,,,,,,,,,,,,,,,,,,,,,,,,,,,,,,,,,,Other,Other,Other,Rest,Rest,Rest,Rest,Rest,Over 5 m,Over 5 m,Over 5 m,2-5 m,2-5 m,2-5 m,2-5 m,2-5 m,Over 5 m,2-5 m,2-5 m,Body contact,Body contact,Less than 2 m,2-5 m,2-5 m,,,,,,,,,2-5 m,Over 5 m,Over 5 m,Over 5 m,Over 5 m,Over 5 m,Over 5 m,Over 5 m,,07/03/2026 12:07:26,,methall@wisc.edu
07/03/2026 10:37 AM,Polli,Sunny,85,0,542,Affiliative - Contact sit,Autumn,148,241,Affiliative - Mutual grooming,Autumn,357,443,Affiliative - Give grooming,Autumn,546,553,Stress-Related - Self-scratch,,,,,,,,,,,,,,,,,,,,,,,,,,,,,,,,,,,,,,,,,,,,,,,,,,,,,,,,,,,,,,,,,,,,,,,,,,,,,,,,,,,,,,,,,,,,,,,,,,,,,,,,,,,,,,,,,,Rest,Social,Social,Rest,Rest,Rest,Rest,Rest,Body contact,Body contact,Body contact,Less than 2 m,Less than 2 m,Less than 2 m,Less than 2 m,Less than 2 m,,,,,,,,,2-5 m,2-5 m,2-5 m,2-5 m,2-5 m,2-5 m,2-5 m,2-5 m,Over 5 m,Over 5 m,Over 5 m,Over 5 m,Over 5 m,Over 5 m,Over 5 m,Over 5 m,,07/03/2026 12:07:28,,methall@wisc.edu
07/03/2026 10:52 AM,Autumn,Sunny,85,716,828,Affiliative - Contact sit,Chagall,726,750,Affiliative - Receive grooming,Chagall,1430,1440,Stress-Related - Vigilance,,,,,,,,,,,,,,,,,,,,,,,,,,,,,,,,,,,,,,,,,,,,,,,,,,,,,,,,,,,,,,,,,,,,,,,,,,,,,,,,,,,,,,,,,,,,,,,,,,,,,,,,,,,,,,,,,,,,,,Rest,Rest,Rest,Rest,Rest,Rest,Rest,Rest,,,,,,,,,Less than 2 m,Less than 2 m,Less than 2 m,Less than 2 m,Less than 2 m,Less than 2 m,Less than 2 m,Less than 2 m,2-5 m,2-5 m,2-5 m,2-5 m,Body contact,Over 5 m,Over 5 m,Over 5 m,Over 5 m,Over 5 m,Over 5 m,Over 5 m,Over 5 m,Over 5 m,Over 5 m,Over 5 m,,07/03/2026 12:07:30,,methall@wisc.edu
07/03/2026 11:03 AM,Tracy Champan,Sunny,85,0,142,Affiliative - Contact sit,Chagall,0,46,Affiliative - Mutual grooming,Chagall,46,51,Affiliative - Receive grooming,Chagall,104,136,Stress-Related - Vigilance,,226,247,Stress-Related - Vigilance,,316,324,Stress-Related - Self-scratch,,352,406,Stress-Related - Vigilance,,406,435,Stress-Related - Self-groom,,448,505,Stress-Related - Vigilance,,524,531,Stress-Related - Self-groom,,531,537,Stress-Related - Self-scratch,,551,614,Stress-Related - Vigilance,,709,718,Stress-Related - Vigilance,,734,745,Stress-Related - Self-groom,,745,750,Stress-Related - Self-scratch,,1028,1500,Affiliative - Contact sit,Chagall,1115,1118,Stress-Related - Self-groom,,1118,1148,Stress-Related - Vigilance,,,,,,,,,,,,,,,,,,,,,,,,,,,,,,,,,,,,,,,,,,,,,,,,,,,,,,,,,,Social,Rest,Other,Other,Other,Rest,Rest,Rest,Over 5 m,Over 5 m,Over 5 m,Over 5 m,Over 5 m,Over 5 m,Over 5 m,Over 5 m,Over 5 m,Over 5 m,Over 5 m,Over 5 m,Over 5 m,Over 5 m,Over 5 m,Over 5 m,Body contact,Less than 2 m,Less than 2 m,Less than 2 m,Less than 2 m,Less than 2 m,Body contact,Body contact,,,,,,,,,,07/03/2026 12:07:31,,methall@wisc.edu
07/03/2026 11:19 AM,Chagall,Sunny,85,0,1140,Affiliative - Contact sit,Tracy Chapman,1001,1009,Stress-Related - Vigilance,,1117,1122,Stress-Related - Self-scratch,,1131,1139,Affiliative - Give grooming,Tracy Chapman,,,,,,,,,,,,,,,,,,,,,,,,,,,,,,,,,,,,,,,,,,,,,,,,,,,,,,,,,,,,,,,,,,,,,,,,,,,,,,,,,,,,,,,,,,,,,,,,,,,,,,,,,,,,,,,,,Rest,Rest,Rest,Rest,Rest,Rest,Rest,Rest,Over 5 m,Over 5 m,Over 5 m,Over 5 m,Over 5 m,Over 5 m,Over 5 m,Over 5 m,Over 5 m,Over 5 m,Over 5 m,Over 5 m,Over 5 m,Over 5 m,Over 5 m,Over 5 m,,,,,,,,,Body contact,Body contact,Body contact,Body contact,Body contact,Body contact,Less than 2 m,Less than 2 m,,07/03/2026 12:07:34,,methall@wisc.edu
07/04/2026 10:04 AM,Tracy Champan,Sunny,85,0,440,Affiliative - Contact sit,Chagall,0,147,Affiliative - Mutual grooming,Chagall,147,252,Affiliative - Receive grooming,Chagall,252,309,Affiliative - Give grooming,Chagall,309,326,Affiliative - Receive grooming,Chagall,326,416,Affiliative - Mutual grooming,Chagall,416,438,Affiliative - Receive grooming,Chagall,447,508,Stress-Related - Vigilance,,508,513,Stress-Related - Self-scratch,,532,703,Stress-Related - Vigilance,,703,708,Stress-Related - Self-scratch,,708,732,Stress-Related - Self-groom,,732,738,Stress-Related - Vigilance,,750,753,Affiliative - Greet,Autumn,753,755,Agonistic - Displace,Autumn,755,803,Stress-Related - Vigilance,,1050,1101,Stress-Related - Self-groom,,,,,,,,,,,,,,,,,,,,,,,,,,,,,,,,,,,,,,,,,,,,,,,,,,,,,,,,,,,,,,Social,Social,Social,Other,Other,Rest,Rest,Rest,Less than 2 m,Less than 2 m,Less than 2 m,Less than 2 m,Less than 2 m,Less than 2 m,Less than 2 m,Less than 2 m,Less than 2 m,Less than 2 m,Less than 2 m,Less than 2 m,Less than 2 m,Less than 2 m,Less than 2 m,Less than 2 m,Body contact,Body contact,Body contact,Less than 2 m,Less than 2 m,Less than 2 m,Less than 2 m,Less than 2 m,,,,,,,,,,07/04/2026 12:02:44,,methall@wisc.edu
07/04/2026 10:20 AM,Chagall,Sunny,85,208,213,Stress-Related - Self-scratch,,509,522,Stress-Related - Self-groom,,1130,1157,Affiliative - Receive grooming,Autumn,1219,1334,Affiliative - Contact sit,Tracy Chapman,1219,1234,Affiliative - Give grooming,Tracy Chapman,1234,1307,Affiliative - Mutual grooming,Tracy Chapman,1307,1319,Affiliative - Receive grooming,Tracy Chapman,1319,1330,Affiliative - Give grooming,Tracy Chapman,1428,1500,Affiliative - Contact sit,Tracy Chapman,,,,,,,,,,,,,,,,,,,,,,,,,,,,,,,,,,,,,,,,,,,,,,,,,,,,,,,,,,,,,,,,,,,,,,,,,,,,,,,,,,,,,,,,,,,,,Rest,Rest,Rest,Rest,Rest,Rest,Other,Rest,Less than 2 m,Less than 2 m,Less than 2 m,Less than 2 m,Less than 2 m,Less than 2 m,Less than 2 m,Less than 2 m,Less than 2 m,Less than 2 m,Less than 2 m,Less than 2 m,Less than 2 m,Less than 2 m,Less than 2 m,Less than 2 m,,,,,,,,,Less than 2 m,Less than 2 m,Less than 2 m,Less than 2 m,Less than 2 m,Less than 2 m,Less than 2 m,Less than 2 m,,07/04/2026 12:02:45,,methall@wisc.edu
07/04/2026 10:35 AM,Polli,Sunny,85,15,24,Stress-Related - Self-groom,,231,245,Stress-Related - Vigilance,,1157,1216,Stress-Related - Vigilance,,1216,1221,Stress-Related - Self-scratch,,1221,1236,Stress-Related - Vigilance,,,,,Tracy Chapman,,,,,,,,,,,,,,,,,,,,,,,,,,,,,,,,,,,,,,,,,,,,,,,,,,,,,,,,,,,,,,,,,,,,,,,,,,,,,,,,,,,,,,,,,,,,,,,,,,,,,,,,,Rest,Rest,Rest,Rest,Rest,Rest,Other,Rest,Less than 2 m,Less than 2 m,Less than 2 m,Less than 2 m,Less than 2 m,Less than 2 m,Less than 2 m,Less than 2 m,,,,,,,,,Less than 2 m,Less than 2 m,Less than 2 m,Less than 2 m,Less than 2 m,Less than 2 m,Less than 2 m,Less than 2 m,Less than 2 m,Less than 2 m,Less than 2 m,Less than 2 m,Less than 2 m,Less than 2 m,Less than 2 m,Less than 2 m,,07/04/2026 12:02:47,,methall@wisc.edu
07/04/2026 10:51 AM,Autumn,Sunny,85,,,,,,,,,,,,,,,,,,,,,,,,,,,,,,,,,,,,,,,,,,,,,,,,,,,,,,,,,,,,,,,,,,,,,,,,,,,,,,,,,,,,,,,,,,,,,,,,,,,,,,,,,,,,,,,,,,,,,,,,,,,,,,,,,Rest,Rest,Rest,Rest,Rest,Rest,Rest,Rest,,,,,,,,,Less than 2 m,Less than 2 m,Less than 2 m,Less than 2 m,Less than 2 m,Less than 2 m,Less than 2 m,Less than 2 m,Less than 2 m,Less than 2 m,Less than 2 m,Less than 2 m,Less than 2 m,Less than 2 m,Less than 2 m,Less than 2 m,Less than 2 m,Less than 2 m,Less than 2 m,Less than 2 m,Less than 2 m,Less than 2 m,Less than 2 m,Less than 2 m,,07/04/2026 12:02:49,,methall@wisc.edu
07/04/2026 11:00 AM,Chagall,Sunny,87,516,521,Stress-Related - Self-scratch,,,,,,,,,,,,,,,,,,,,,,,,,,,,,,,,,,,,,,,,,,,,,,,,,,,,,,,,,,,,,,,,,,,,,,,,,,,,,,,,,,,,,,,,,,,,,,,,,,,,,,,,,,,,,,,,,,,,,,,,,,,,,,Rest,Rest,Rest,Rest,Rest,Rest,Rest,Rest,Less than 2 m,Less than 2 m,Less than 2 m,Less than 2 m,Less than 2 m,Less than 2 m,Less than 2 m,Less than 2 m,Less than 2 m,Less than 2 m,Less than 2 m,Less than 2 m,Less than 2 m,Less than 2 m,Less than 2 m,Less than 2 m,,,,,,,,,Less than 2 m,Less than 2 m,Less than 2 m,Less than 2 m,Less than 2 m,Less than 2 m,Less than 2 m,Less than 2 m,,07/04/2026 12:02:51,,methall@wisc.edu
07/04/2026 11:12 AM,Polli,Sunny,87,1345,1500,Affiliative - Contact sit,Autumn,1353,1358,Affiliative - Receive grooming,Autumn,,,,,,,,,,,,,,,,,,,,,,,,,,,,,,,,,,,,,,,,,,,,,,,,,,,,,,,,,,,,,,,,,,,,,,,,,,,,,,,,,,,,,,,,,,,,,,,,,,,,,,,,,,,,,,,,,,,,,,,,,Rest,Rest,Rest,Rest,Rest,Rest,Rest,Rest,Less than 2 m,Less than 2 m,Less than 2 m,Less than 2 m,Less than 2 m,Less than 2 m,Less than 2 m,Body contact,,,,,,,,,Less than 2 m,Less than 2 m,Less than 2 m,Less than 2 m,Less than 2 m,Less than 2 m,Less than 2 m,Less than 2 m,Less than 2 m,Less than 2 m,Less than 2 m,Less than 2 m,Less than 2 m,Less than 2 m,Less than 2 m,Less than 2 m,,07/04/2026 12:02:52,,methall@wisc.edu
07/04/2026 11:22 AM,Autumn,Sunny,87,0,105,Affiliative - Contact sit,Polli,1007,1015,Stress-Related - Vigilance,Tracy Chapman,,,,,,,,,,,,,,,,,,,,,,,,,,,,,,,,,,,,,,,,,,,,,,,,,,,,,,,,,,,,,,,,,,,,,,,,,,,,,,,,,,,,,,,,,,,,,,,,,,,,,,,,,,,,,,,,,,,,,,,,,Rest,Rest,Rest,Rest,Rest,Rest,Rest,Rest,,,,,,,,,Body contact,Less than 2 m,Less than 2 m,Less than 2 m,Less than 2 m,Less than 2 m,Less than 2 m,Less than 2 m,Less than 2 m,Less than 2 m,Less than 2 m,Less than 2 m,Less than 2 m,Less than 2 m,Less than 2 m,Less than 2 m,Less than 2 m,Less than 2 m,Less than 2 m,Less than 2 m,Less than 2 m,Less than 2 m,Less than 2 m,Less than 2 m,,07/04/2026 12:02:54,,methall@wisc.edu
07/04/2026 11:37 AM,Tracy Champan,Sunny,87,142,144,Stress-Related - Yawn,,156,204,Stress-Related - Self-groom,,248,250,Stress-Related - Yawn,,456,502,Stress-Related - Vigilance,,510,814,Affiliative - Contact sit,Chagall,517,551,Affiliative - Mutual grooming,Chagall,551,710,Affiliative - Receive grooming,Chagall,612,644,Affiliative - Contact sit,Autumn,612,616,Affiliative - Receive grooming,Autumn,630,644,Affiliative - Receive grooming,Autumn,715,721,Affiliative - Give grooming,Chagall,721,806,Affiliative - Receive grooming,Chagall,1355,1449,Stress-Related - Vigilance,,,,,,,,,,,,,,,,,,,,,,,,,,,,,,,,,,,,,,,,,,,,,,,,,,,,,,,,,,,,,,,,,,,,,,,,,,,,,,Rest,Other,Rest,Social,Social,Rest,Rest,Other,Less than 2 m,Less than 2 m,Less than 2 m,Less than 2 m,Less than 2 m,Less than 2 m,Less than 2 m,Less than 2 m,Less than 2 m,Less than 2 m,Less than 2 m,Less than 2 m,Less than 2 m,Less than 2 m,Less than 2 m,Less than 2 m,Less than 2 m,Less than 2 m,Less than 2 m,Body contact,Body contact,Less than 2 m,Less than 2 m,Less than 2 m,,,,,,,,,,07/04/2026 12:02:55,,methall@wisc.edu
07/04/2026 01:40 PM,Autumn,Sunny,92,151,158,Stress-Related - Self-scratch,,205,210,Stress-Related - Self-scratch,,236,243,Stress-Related - Vigilance,,246,309,Stress-Related - Vigilance,,421,536,Stress-Related - Vigilance,,556,630,Stress-Related - Vigilance,,651,710,Stress-Related - Vigilance,,840,842,Submission - Be displaced,Chagall,914,1051,Stress-Related - Vigilance,,1138,1140,Submission - Be displaced,Tracy Chapman,1204,1222,Stress-Related - Vigilance,,1222,1229,Stress-Related - Self-scratch,,1229,1322,Stress-Related - Vigilance,,1330,1500,Stress-Related - Vigilance,,,,,,,,,,,,,,,,,,,,,,,,,,,,,,,,,,,,,,,,,,,,,,,,,,,,,,,,,,,,,,,,,,,,,,,,,,Rest,Other,Other,Other,Other,Other,Other,Other,,,,,,,,,Less than 2 m,Less than 2 m,Less than 2 m,Over 5 m,Over 5 m,2-5 m,2-5 m,2-5 m,2-5 m,2-5 m,2-5 m,2-5 m,Less than 2 m,Less than 2 m,2-5 m,Over 5 m,Less than 2 m,2-5 m,2-5 m,2-5 m,2-5 m,2-5 m,2-5 m,2-5 m,,07/04/2026 18:19:21,,methall@wisc.edu
07/04/2026 01:55 PM,Chagall,Sunny,92,54,58,Stress-Related - Vigilance,,116,123,Stress-Related - Vigilance,,231,257,Stress-Related - Vigilance,,308,310,Stress-Related - Vigilance,,340,352,Stress-Related - Vigilance,,448,522,Stress-Related - Vigilance,,602,735,Stress-Related - Vigilance,,735,740,Stress-Related - Self-groom,,740,801,Stress-Related - Vigilance,,808,825,Affiliative - Contact sit,Tracy Chapman,809,820,Affiliative - Mutual grooming,Tracy Chapman,838,844,Stress-Related - Self-scratch,,844,849,Stress-Related - Self-groom,,927,937,Stress-Related - Vigilance,,937,1410,Affiliative - Contact sit,Tracy Chapman,937,956,Affiliative - Mutual grooming,Tracy Chapman,1007,1057,Affiliative - Mutual grooming,Tracy Chapman,1057,1109,Affiliative - Give grooming,Tracy Chapman,1109,1123,Stress-Related - Self-groom,,1123,1139,Affiliative - Mutual grooming,Tracy Chapman,1139,1156,Affiliative - Give grooming,Tracy Chapman,1156,1206,Affiliative - Receive grooming,Tracy Chapman,1206,1224,Stress-Related - Self-groom,,1306,1316,Stress-Related - Self-groom,,,,,,,,,,,,,,,,,,,,,,,,,,,,,,,,,,Other,Forage,Forage,Locomotion,Other,Other,Social,Other,2-5 m,Less than 2 m,Less than 2 m,Over 5 m,Over 5 m,Over 5 m,Over 5 m,Over 5 m,Over 5 m,Less than 2 m,2-5 m,Over 5 m,Over 5 m,2-5 m,2-5 m,2-5 m,,,,,,,,,2-5 m,Less than 2 m,Less than 2 m,Over 5 m,2-5 m,Body contact,Body contact,Body contact,,07/04/2026 18:19:23,,methall@wisc.edu
07/04/2026 02:11 PM,Tracy Champan,Sunny,92,33,35,Stress-Related - Self-scratch,,51,55,Stress-Related - Self-scratch,,106,138,Stress-Related - Vigilance,,210,222,Affiliative - Mutual grooming,Chagall,222,228,Affiliative - Give grooming,Chagall,228,238,Affiliative - Receive grooming,Chagall,240,251,Stress-Related - Self-groom,,251,301,Stress-Related - Vigilance,,328,439,Affiliative - Give grooming,Chagall,441,507,Stress-Related - Vigilance,,508,515,Stress-Related - Self-scratch,,530,614,Stress-Related - Vigilance,,637,653,Stress-Related - Self-scratch,,653,712,Stress-Related - Vigilance,,721,727,Stress-Related - Self-scratch,,748,810,Stress-Related - Vigilance,,810,829,Stress-Related - Self-groom,,849,930,Stress-Related - Vigilance,,932,949,Stress-Related - Self-scratch,,950,1015,Stress-Related - Self-groom,,1022,1103,Stress-Related - Vigilance,,1245,1312,Stress-Related - Vigilance,,1321,1356,Stress-Related - Self-groom,,1356,1415,Stress-Related - Vigilance,,1425,1428,Affiliative - Greet,Polli,1450,1500,Stress-Related - Vigilance,,,,,,,,,,,,,,,,,,,,,,,,,,Other,Other,Social,Rest,Other,Other,Rest,Other,Less than 2 m,Less than 2 m,Less than 2 m,Less than 2 m,2-5 m,2-5 m,2-5 m,2-5 m,2-5 m,2-5 m,2-5 m,2-5 m,2-5 m,2-5 m,2-5 m,2-5 m,Less than 2 m,Less than 2 m,Body contact,Less than 2 m,Less than 2 m,Less than 2 m,Less than 2 m,Less than 2 m,,,,,,,,,,07/04/2026 18:19:24,,methall@wisc.edu
07/04/2026 02:26 PM,Polli,Sunny,92,216,312,Stress-Related - Vigilance,,321,338,Stress-Related - Vigilance,,338,342,Agonistic - Other,Tracy Chapman,419,543,Stress-Related - Vigilance,,626,644,Stress-Related - Vigilance,,701,721,Stress-Related - Vigilance,,721,734,Stress-Related - Self-groom,,750,817,Stress-Related - Vigilance,,819,840,Stress-Related - Self-groom,,914,925,Stress-Related - Self-groom,,931,936,Stress-Related - Vigilance,,936,1025,Stress-Related - Self-groom,,1100,1114,Stress-Related - Vigilance,,1122,1134,Stress-Related - Self-groom,,1134,1145,Stress-Related - Vigilance,,1156,1202,Stress-Related - Vigilance,,1216,1231,Stress-Related - Self-groom,,1320,1339,Stress-Related - Self-groom,,1345,1349,Affiliative - Greet,Chagall,1349,1412,Affiliative - Give grooming,Chagall,1412,1420,Stress-Related - Vigilance,,1440,1455,Stress-Related - Vigilance,,1455,1500,Stress-Related - Self-groom,,,,,,,,,,,,,,,,,,,,,,,,,,,,,,,,,,,,,,Rest,Rest,Other,Other,Other,Other,Other,Social,2-5 m,2-5 m,2-5 m,2-5 m,2-5 m,2-5 m,2-5 m,2-5 m,,,,,,,,,2-5 m,2-5 m,2-5 m,2-5 m,2-5 m,2-5 m,2-5 m,Body contact,2-5 m,2-5 m,Less than 2 m,Less than 2 m,2-5 m,Over 5 m,Over 5 m,Over 5 m,Made noises at tracy who is practically sitting on her,07/04/2026 18:19:25,,methall@wisc.edu
07/10/2026 09:43 AM,Polli,Sunny,89,0,16,Stress-Related - Self-groom,,16,31,Stress-Related - Vigilance,,31,123,Stress-Related - Self-groom,,133,152,Affiliative - Receive grooming,Chagall,159,220,Affiliative - Mutual grooming,Chagall,220,251,Affiliative - Give grooming,Chagall,251,253,Submission - Be displaced,Tracy Chapman,310,315,Stress-Related - Self-scratch,,453,507,Stress-Related - Self-groom,,752,1100,Affiliative - Contact sit,Chagall,1023,1055,Stress-Related - Vigilance,,1115,1151,Affiliative - Contact sit,Tracy Chapman,1119,1140,Affiliative - Mutual grooming,Tracy Chapman,1140,1151,Affiliative - Give grooming,Tracy Chapman,1151,1159,Affiliative - Mutual grooming,Tracy Chapman,1159,1221,Affiliative - Receive grooming,Tracy Chapman,1244,1247,Stress-Related - Self-scratch,,1247,1305,Stress-Related - Self-groom,,1315,1324,Stress-Related - Self-groom,,,,,,,,,,,,,,,,,,,,,,,,,,,,,,,,,,,,,,,,,,,,,,,,,,,,,,Other,Social,Rest,Rest,Rest,Rest,Social,Rest,2-5 m,2-5 m,2-5 m,2-5 m,2-5 m,2-5 m,2-5 m,2-5 m,,,,,,,,,Less than 2 m,Body contact,Less than 2 m,Less than 2 m,Body contact,Body contact,2-5 m,2-5 m,2-5 m,Less than 2 m,Less than 2 m,Less than 2 m,Less than 2 m,2-5 m,Body contact,Less than 2 m,,07/10/2026 11:36:40,,methall@wisc.edu
07/10/2026 09:59 AM,Chagall,Sunny,89,320,329,Stress-Related - Vigilance,,329,348,Stress-Related - Self-groom,,359,512,Stress-Related - Vigilance,,526,651,Stress-Related - Vigilance,,833,837,Stress-Related - Vigilance,,840,844,Stress-Related - Self-groom,,,,,,,,,,,,,,,,,,,,,,,,,,,,,,,,,,,,,,,,,,,,,,,,,,,,,,,,,,,,,,,,,,,,,,,,,,,,,,,,,,,,,,,,,,,,,,,,,,,,,,,,,,Rest,Rest,Other,Other,Rest,Rest,Rest,Rest,2-5 m,2-5 m,2-5 m,2-5 m,2-5 m,2-5 m,2-5 m,2-5 m,2-5 m,2-5 m,2-5 m,Over 5 m,Over 5 m,Over 5 m,Over 5 m,Over 5 m,,,,,,,,,2-5 m,2-5 m,2-5 m,Over 5 m,Over 5 m,Over 5 m,Over 5 m,Over 5 m,,07/10/2026 11:36:42,,methall@wisc.edu
07/10/2026 10:24 AM,Tracy Champan,Sunny,93,232,237,Stress-Related - Self-groom,,247,307,Stress-Related - Vigilance,,315,,Affiliative - Contact sit,Polli,319,334,Affiliative - Mutual grooming,Polli,352,402,Stress-Related - Vigilance,,412,915,Affiliative - Contact sit,Chagall,415,625,Affiliative - Mutual grooming,Chagall,625,714,Affiliative - Give grooming,Chagall,717,910,Stress-Related - Vigilance,,,,,,,,,,,,,,,,,,,,,,,,,,,,,,,,,,,,,,,,,,,,,,,,,,,,,,,,,,,,,,,,,,,,,,,,,,,,,,,,,,,,,,,,,,,,,,Rest,Rest,Other,Social,Other,Rest,Rest,Rest,2-5 m,Over 5 m,Over 5 m,Over 5 m,Over 5 m,2-5 m,2-5 m,2-5 m,Less than 2 m,Less than 2 m,Less than 2 m,Less than 2 m,Less than 2 m,Less than 2 m,Less than 2 m,Less than 2 m,Less than 2 m,Less than 2 m,Less than 2 m,Body contact,Body contact,Less than 2 m,Less than 2 m,Less than 2 m,,,,,,,,,,07/10/2026 11:36:44,,methall@wisc.edu
07/10/2026 10:39 AM,Autumn,Sunny,93,519,544,Stress-Related - Vigilance,,903,929,Stress-Related - Vigilance,,1110,1124,Stress-Related - Vigilance,,1124,1144,Stress-Related - Self-groom,,1154,1156,Stress-Related - Yawn,,1204,1210,Stress-Related - Self-groom,,1406,1416,Stress-Related - Vigilance,,1419,1430,Stress-Related - Self-groom,,1450,1456,Stress-Related - Self-groom,,,,,,,,,,,,,,,,,,,,,,,,,,,,,,,,,,,,,,,,,,,,,,,,,,,,,,,,,,,,,,,,,,,,,,,,,,,,,,,,,,,,,,,,,,,,,,Rest,Rest,Rest,Rest,Rest,Rest,Other,Other,,,,,,,,,Over 5 m,Over 5 m,Over 5 m,Over 5 m,2-5 m,2-5 m,2-5 m,2-5 m,2-5 m,2-5 m,2-5 m,2-5 m,Over 5 m,Over 5 m,Over 5 m,Over 5 m,Over 5 m,2-5 m,2-5 m,2-5 m,2-5 m,2-5 m,2-5 m,Less than 2 m,,07/10/2026 11:36:46,,methall@wisc.edu
07/10/2026 10:50 AM,Polli,Sunny,93,,,,,,,,,,,,,,,,,,,,,,,,,,,,,,,,,,,,,,,,,,,,,,,,,,,,,,,,,,,,,,,,,,,,,,,,,,,,,,,,,,,,,,,,,,,,,,,,,,,,,,,,,,,,,,,,,,,,,,,,,,,,,,,,,Rest,Rest,Rest,Rest,Rest,Rest,Rest,Rest,2-5 m,2-5 m,2-5 m,2-5 m,2-5 m,2-5 m,2-5 m,2-5 m,,,,,,,,,2-5 m,2-5 m,2-5 m,2-5 m,2-5 m,2-5 m,2-5 m,2-5 m,Less than 2 m,Less than 2 m,2-5 m,2-5 m,2-5 m,2-5 m,2-5 m,2-5 m,,07/10/2026 11:36:48,,methall@wisc.edu
07/10/2026 11:00 AM,Chagall,Sunny,93,858,901,Stress-Related - Yawn,,1320,1433,Stress-Related - Vigilance,,,,,,,,,,,,,,,,,,,,,,,,,,,,,,,,,,,,,,,,,,,,,,,,,,,,,,,,,,,,,,,,,,,,,,,,,,,,,,,,,,,,,,,,,,,,,,,,,,,,,,,,,,,,,,,,,,,,,,,,,,Rest,Rest,Rest,Rest,Rest,Other,Rest,Other,2-5 m,2-5 m,2-5 m,2-5 m,2-5 m,2-5 m,2-5 m,2-5 m,2-5 m,2-5 m,2-5 m,2-5 m,2-5 m,2-5 m,2-5 m,2-5 m,,,,,,,,,Over 5 m,Over 5 m,Over 5 m,Over 5 m,Over 5 m,Over 5 m,Over 5 m,Over 5 m,,07/10/2026 11:36:50,,methall@wisc.edu
07/10/2026 11:00 AM,Chagall,Sunny,93,858,901,Stress-Related - Yawn,,1320,1433,Stress-Related - Vigilance,,,,,,,,,,,,,,,,,,,,,,,,,,,,,,,,,,,,,,,,,,,,,,,,,,,,,,,,,,,,,,,,,,,,,,,,,,,,,,,,,,,,,,,,,,,,,,,,,,,,,,,,,,,,,,,,,,,,,,,,,,Rest,Rest,Rest,Rest,Rest,Other,Rest,Other,2-5 m,2-5 m,2-5 m,2-5 m,2-5 m,2-5 m,2-5 m,2-5 m,2-5 m,2-5 m,2-5 m,2-5 m,2-5 m,2-5 m,2-5 m,2-5 m,,,,,,,,,Over 5 m,Over 5 m,Over 5 m,Over 5 m,Over 5 m,Over 5 m,Over 5 m,Over 5 m,,07/10/2026 11:53:22,,methall@wisc.edu
07/11/2026 09:36 AM,Tracy Champan,Sunny,86,0,338,Affiliative - Contact sit,,0,116,Affiliative - Mutual grooming,Chagall,116,147,Affiliative - Receive grooming,Chagall,147,328,Affiliative - Mutual grooming,Chagall,328,334,Affiliative - Receive grooming,Chagall,345,356,Affiliative - Give grooming,Autumn,401,510,Stress-Related - Vigilance,,517,528,Stress-Related - Vigilance,,534,710,Stress-Related - Vigilance,,711,805,Stress-Related - Self-groom,,805,920,Affiliative - Contact sit,Chagall,817,837,Affiliative - Mutual grooming,Chagall,842,909,Affiliative - Give grooming,Chagall,912,1006,Stress-Related - Vigilance,,1011,1026,Affiliative - Contact sit,Polli,1026,1028,Agonistic - Displace,Polli,1120,1138,Stress-Related - Vigilance,,1236,1246,Stress-Related - Self-groom,,1256,1309,Affiliative - Receive grooming,Chagall,,,,,,,,,,,,,,,,,,,,,,,,,,,,,,,,,,,,,,,,,,,,,,,,,,,,,Social,Social,Other,Other,Other,Other,Rest,Rest,Less than 2 m,Less than 2 m,Less than 2 m,Less than 2 m,Less than 2 m,Less than 2 m,Less than 2 m,Less than 2 m,Less than 2 m,Less than 2 m,Less than 2 m,Less than 2 m,Less than 2 m,Less than 2 m,Less than 2 m,Less than 2 m,Body contact,Body contact,Less than 2 m,Less than 2 m,Less than 2 m,Less than 2 m,Less than 2 m,Less than 2 m,,,,,,,,,,07/11/2026 11:34:42,,methall@wisc.edu
07/11/2026 09:52 AM,Autumn,Sunny,83,,,,,,,,,,,,,,,,,,,,,,,,,,,,,,,,,,,,,,,,,,,,,,,,,,,,,,,,,,,,,,,,,,,,,,,,,,,,,,,,,,,,,,,,,,,,,,,,,,,,,,,,,,,,,,,,,,,,,,,,,,,,,,,,,Rest,Rest,Rest,Rest,Rest,Rest,Rest,Rest,,,,,,,,,Less than 2 m,Less than 2 m,Less than 2 m,Less than 2 m,Less than 2 m,Less than 2 m,Less than 2 m,Less than 2 m,Less than 2 m,Less than 2 m,Less than 2 m,Less than 2 m,Less than 2 m,Less than 2 m,Less than 2 m,Less than 2 m,Less than 2 m,Less than 2 m,Less than 2 m,Less than 2 m,Less than 2 m,Less than 2 m,Less than 2 m,Less than 2 m,,07/11/2026 11:34:45,,methall@wisc.edu
07/11/2026 10:05 AM,Polli,Sunny,86,712,720,Stress-Related - Self-groom,,749,1112,Affiliative - Contact sit,Chagall,1416,1425,Stress-Related - Vigilance,,1446,1500,Stress-Related - Vigilance,,,,,,,,,,,,,,,,,,,,,,,,,,,,,,,,,,,,,,,,,,,,,,,,,,,,,,,,,,,,,,,,,,,,,,,,,,,,,,,,,,,,,,,,,,,,,,,,,,,,,,,,,,,,,,,,,,Rest,Rest,Rest,Rest,Rest,Rest,Rest,Rest,Less than 2 m,Less than 2 m,Less than 2 m,Less than 2 m,Less than 2 m,Less than 2 m,Less than 2 m,Less than 2 m,,,,,,,,,Less than 2 m,Less than 2 m,Less than 2 m,Less than 2 m,Less than 2 m,Body contact,Less than 2 m,Less than 2 m,Less than 2 m,Less than 2 m,Less than 2 m,Less than 2 m,Less than 2 m,Less than 2 m,Less than 2 m,Less than 2 m,,07/11/2026 11:34:47,,methall@wisc.edu
07/11/2026 10:17 AM,Chagall,Sunny,86,358,530,Affiliative - Contact sit,Tracy Chapman,423,439,Stress-Related - Self-groom,,440,448,Stress-Related - Vigilance,,448,455,Stress-Related - Self-groom,,455,505,Stress-Related - Vigilance,,505,509,Stress-Related - Self-scratch,,922,956,Stress-Related - Self-groom,,1049,1056,Stress-Related - Self-scratch,,1120,1126,Stress-Related - Self-scratch,,1130,1134,Agonistic - Displace,Tracy Chapman,,,,,,,,,,,,,,,,,,,,,,,,,,,,,,,,,,,,,,,,,,,,,,,,,,,,,,,,,,,,,,,,,,,,,,,,,,,,,,,,,,,,,,,,,Rest,Rest,Rest,Rest,Rest,Rest,Rest,Rest,Less than 2 m,Less than 2 m,Less than 2 m,Less than 2 m,Less than 2 m,Less than 2 m,Less than 2 m,Less than 2 m,Less than 2 m,Less than 2 m,Less than 2 m,Less than 2 m,Less than 2 m,Less than 2 m,Less than 2 m,Less than 2 m,,,,,,,,,Less than 2 m,Less than 2 m,Body contact,Less than 2 m,Less than 2 m,Less than 2 m,Less than 2 m,Less than 2 m,,07/11/2026 11:34:49,,methall@wisc.edu
07/11/2026 10:32 AM,Tracy Champan,Sunny,87,,,,,,,,,,,,,,,,,,,,,,,,,,,,,,,,,,,,,,,,,,,,,,,,,,,,,,,,,,,,,,,,,,,,,,,,,,,,,,,,,,,,,,,,,,,,,,,,,,,,,,,,,,,,,,,,,,,,,,,,,,,,,,,,,Rest,Rest,Rest,Rest,Rest,Rest,Rest,Rest,Less than 2 m,Less than 2 m,Less than 2 m,Less than 2 m,Less than 2 m,Less than 2 m,Less than 2 m,Less than 2 m,Less than 2 m,Less than 2 m,Less than 2 m,Less than 2 m,Less than 2 m,Less than 2 m,Less than 2 m,Less than 2 m,Less than 2 m,Less than 2 m,Less than 2 m,Less than 2 m,Less than 2 m,Less than 2 m,Less than 2 m,Less than 2 m,,,,,,,,,,07/11/2026 11:34:51,,methall@wisc.edu
07/11/2026 10:46 AM,Autumn,Sunny,87,437,442,Stress-Related - Self-groom,,446,455,Stress-Related - Self-groom,,518,522,Stress-Related - Self-groom,,522,538,Stress-Related - Vigilance,,538,551,Stress-Related - Self-groom,,,,,,,,,,,,,,,,,,,,,,,,,,,,,,,,,,,,,,,,,,,,,,,,,,,,,,,,,,,,,,,,,,,,,,,,,,,,,,,,,,,,,,,,,,,,,,,,,,,,,,,,,,,,,,Rest,Rest,Rest,Rest,Rest,Rest,Rest,Rest,,,,,,,,,Less than 2 m,Less than 2 m,Less than 2 m,Less than 2 m,Less than 2 m,Less than 2 m,Less than 2 m,Less than 2 m,Less than 2 m,Less than 2 m,Less than 2 m,Less than 2 m,Less than 2 m,Less than 2 m,Less than 2 m,Less than 2 m,Less than 2 m,Less than 2 m,Less than 2 m,Less than 2 m,Less than 2 m,Less than 2 m,Less than 2 m,Less than 2 m,,07/11/2026 11:34:52,,methall@wisc.edu
07/11/2026 11:03 AM,Polli,Sunny,87,620,626,Stress-Related - Vigilance,,,,,,,,,,,,,,,,,,,,,,,,,,,,,,,,,,,,,,,,,,,,,,,,,,,,,,,,,,,,,,,,,,,,,,,,,,,,,,,,,,,,,,,,,,,,,,,,,,,,,,,,,,,,,,,,,,,,,,,,,,,,,,Rest,Rest,Rest,Rest,Rest,Rest,Rest,Rest,Less than 2 m,Less than 2 m,Less than 2 m,Less than 2 m,Less than 2 m,Less than 2 m,Less than 2 m,Less than 2 m,,,,,,,,,Less than 2 m,Less than 2 m,Less than 2 m,Less than 2 m,Less than 2 m,Less than 2 m,Less than 2 m,Less than 2 m,Less than 2 m,Less than 2 m,Less than 2 m,Less than 2 m,Less than 2 m,Less than 2 m,Less than 2 m,Less than 2 m,,07/11/2026 11:34:54,,methall@wisc.edu
07/11/2026 11:15 AM,Tracy Champan,Sunny,87,802,812,Stress-Related - Vigilance,,1359,1407,Affiliative - Greet,Chagall,,,,,,,,,,,,,,,,,,,,,,,,,,,,,,,,,,,,,,,,,,,,,,,,,,,,,,,,,,,,,,,,,,,,,,,,,,,,,,,,,,,,,,,,,,,,,,,,,,,,,,,,,,,,,,,,,,,,,,,,,Rest,Rest,Rest,Rest,Rest,Rest,Rest,Social,Less than 2 m,Less than 2 m,Less than 2 m,Less than 2 m,Less than 2 m,Less than 2 m,Less than 2 m,Less than 2 m,Less than 2 m,Less than 2 m,Less than 2 m,Less than 2 m,Less than 2 m,Less than 2 m,Less than 2 m,Less than 2 m,Less than 2 m,Less than 2 m,Less than 2 m,Less than 2 m,Less than 2 m,Less than 2 m,Less than 2 m,Body contact,,,,,,,,,,07/11/2026 11:34:56,,methall@wisc.edu
07/11/2026 12:29 PM,Autumn,Sunny,94,120,137,Stress-Related - Self-groom,,212,221,Stress-Related - Self-groom,,224,229,Stress-Related - Vigilance,,555,612,Stress-Related - Self-groom,,629,631,Stress-Related - Yawn,,634,651,Stress-Related - Self-groom,,728,738,Stress-Related - Self-groom,,740,745,Stress-Related - Self-scratch,,810,823,Stress-Related - Vigilance,,1407,1415,Affiliative - Receive grooming,Tracy Chapman,,,,,,,,,,,,,,,,,,,,,,,,,,,,,,,,,,,,,,,,,,,,,,,,,,,,,,,,,,,,,,,,,,,,,,,,,,,,,,,,,,,,,,,,,Rest,Rest,Rest,Other,Other,Rest,Rest,Rest,,,,,,,,,Less than 2 m,Less than 2 m,Less than 2 m,Less than 2 m,Less than 2 m,Less than 2 m,Less than 2 m,Less than 2 m,Less than 2 m,Less than 2 m,Less than 2 m,Less than 2 m,Less than 2 m,Less than 2 m,Less than 2 m,Less than 2 m,Less than 2 m,Less than 2 m,Less than 2 m,Less than 2 m,Less than 2 m,Less than 2 m,Less than 2 m,Less than 2 m,,07/11/2026 13:36:32,,methall@wisc.edu
07/11/2026 12:44 PM,Chagall,Sunny,94,0,432,Affiliative - Contact sit,Tracy Chapman,0,12,Stress-Related - Self-groom,,54,110,Stress-Related - Self-scratch,,122,139,Affiliative - Mutual grooming,Tracy Chapman,139,148,Affiliative - Give grooming,Tracy Chapman,218,227,Affiliative - Give grooming,Tracy Chapman,228,302,Affiliative - Mutual grooming,Tracy Chapman,302,323,Affiliative - Give grooming,Chagall,340,423,Stress-Related - Vigilance,,458,503,Stress-Related - Self-scratch,,513,530,Stress-Related - Self-groom,,808,819,Stress-Related - Vigilance,,952,1048,Stress-Related - Vigilance,,1142,1201,Stress-Related - Vigilance,,1309,1322,Stress-Related - Vigilance,,,,,,,,,,,,,,,,,,,,,,,,,,,,,,,,,,,,,,,,,,,,,,,,,,,,,,,,,,,,,,,,,,,,,,Other,Rest,Other,Other,Locomotion,Other,Other,Other,Less than 2 m,Less than 2 m,Less than 2 m,Less than 2 m,2-5 m,Less than 2 m,Over 5 m,2-5 m,Less than 2 m,Less than 2 m,Less than 2 m,Less than 2 m,2-5 m,2-5 m,Over 5 m,Over 5 m,,,,,,,,,Body contact,Body contact,Body contact,Less than 2 m,2-5 m,2-5 m,2-5 m,2-5 m,,07/11/2026 13:36:34,,methall@wisc.edu
07/17/2026 09:58 AM,Tracy Champan,Sunny,87,602,628,Affiliative - Receive grooming,Autumn,629,748,Affiliative - Mutual grooming,Autumn,749,810,Affiliative - Give grooming,Autumn,811,833,Affiliative - Mutual grooming,Autumn,1052,1100,Affiliative - Greet,Autumn,,,,,,,,,,,,,,,,,,,,,,,,,,,,,,,,,,,,,,,,,,,,,,,,,,,,,,,,,,,,,,,,,,,,,,,,,,,,,,,,,,,,,,,,,,,,,,,,,,,,,,,,,,,,,Rest,Rest,Rest,Rest,Social,Rest,Rest,Rest,2-5 m,2-5 m,Less than 2 m,Less than 2 m,Body contact,Less than 2 m,Less than 2 m,2-5 m,Over 5 m,Over 5 m,Over 5 m,Over 5 m,Over 5 m,Over 5 m,Over 5 m,Over 5 m,2-5 m,2-5 m,Over 5 m,Over 5 m,Over 5 m,Over 5 m,Over 5 m,Over 5 m,,,,,,,,,,07/17/2026 10:58:03,,methall@wisc.edu
07/17/2026 10:13 AM,Autumn,Sunny,87,1056,1105,Affiliative - Mutual grooming,Chagall,1134,1140,Affiliative - Greet,Tracy Chapman,,,,,,,,,,,,,,,,,,,,,,,,,,,,,,,,,,,,,,,,,,,,,,,,,,,,,,,,,,,,,,,,,,,,,,,,,,,,,,,,,,,,,,,,,,,,,,,,,,,,,,,,,,,,,,,,,,,,,,,,,Rest,Rest,Rest,Rest,Rest,Rest,Rest,Rest,,,,,,,,,Over 5 m,Over 5 m,Over 5 m,Over 5 m,Over 5 m,Over 5 m,Over 5 m,Over 5 m,Over 5 m,2-5 m,2-5 m,2-5 m,2-5 m,2-5 m,Over 5 m,Over 5 m,Less than 2 m,2-5 m,2-5 m,2-5 m,2-5 m,2-5 m,Over 5 m,Over 5 m,,07/17/2026 10:58:05,,methall@wisc.edu
07/17/2026 10:23 AM,Polli,Sunny,87,405,436,Stress-Related - Vigilance,,620,623,Stress-Related - Vigilance,,1140,1500,Affiliative - Contact sit,Tracy Chapman,,,,,,,,,,,,,,,,,,,,,,,,,,,,,,,,,,,,,,,,,,,,,,,,,,,,,,,,,,,,,,,,,,,,,,,,,,,,,,,,,,,,,,,,,,,,,,,,,,,,,,,,,,,,,,,,,,,,,Rest,Rest,Rest,Rest,Rest,Rest,Rest,Rest,Over 5 m,Over 5 m,Over 5 m,Over 5 m,Over 5 m,Over 5 m,Over 5 m,Over 5 m,,,,,,,,,2-5 m,2-5 m,2-5 m,2-5 m,2-5 m,2-5 m,2-5 m,2-5 m,2-5 m,2-5 m,2-5 m,2-5 m,2-5 m,2-5 m,Body contact,Body contact,,07/17/2026 10:58:07,,methall@wisc.edu
07/17/2026 10:38 AM,Chagall,Sunny,87,1131,1136,Stress-Related - Self-scratch,,1310,1333,Stress-Related - Vigilance,,,,,,,,,,,,,,,,,,,,,,,,,,,,,,,,,,,,,,,,,,,,,,,,,,,,,,,,,,,,,,,,,,,,,,,,,,,,,,,,,,,,,,,,,,,,,,,,,,,,,,,,,,,,,,,,,,,,,,,,,,Rest,Rest,Rest,Rest,Rest,Rest,Rest,Rest,Over 5 m,Over 5 m,Over 5 m,Over 5 m,Over 5 m,Over 5 m,Over 5 m,Over 5 m,2-5 m,2-5 m,Less than 2 m,Less than 2 m,Less than 2 m,Less than 2 m,Less than 2 m,Less than 2 m,,,,,,,,,2-5 m,2-5 m,Less than 2 m,Less than 2 m,Over 5 m,Over 5 m,Over 5 m,Over 5 m,,07/17/2026 10:58:08,,methall@wisc.edu
07/18/2026 10:33 AM,Autumn,Sunny,85,0,20,Affiliative - Contact sit,Tracy Chapman,2,18,Affiliative - Mutual grooming,Tracy Chapman,147,152,Stress-Related - Self-groom,,154,206,Stress-Related - Vigilance,,505,606,Stress-Related - Vigilance,,951,1008,Stress-Related - Vigilance,,,,,,,,,,,,,,,,,,,,,,,,,,,,,,,,,,,,,,,,,,,,,,,,,,,,,,,,,,,,,,,,,,,,,,,,,,,,,,,,,,,,,,,,,,,,,,,,,,,,,,,,,,Social,Other,Rest,Other,Rest,Other,Rest,Rest,,,,,,,,,2-5 m,2-5 m,2-5 m,2-5 m,2-5 m,2-5 m,2-5 m,2-5 m,Over 5 m,Over 5 m,Over 5 m,Over 5 m,Over 5 m,Over 5 m,Over 5 m,Over 5 m,Body contact,Over 5 m,Over 5 m,Over 5 m,Over 5 m,Over 5 m,Over 5 m,Over 5 m,,07/18/2026 16:07:32,,methall@wisc.edu
07/18/2026 10:48 AM,Polli,Sunny,85,0,109,Stress-Related - Vigilance,,330,337,Stress-Related - Self-groom,,436,439,Stress-Related - Vigilance,,646,657,Stress-Related - Vigilance,,715,735,Stress-Related - Vigilance,,813,818,Stress-Related - Vigilance,,957,1003,Stress-Related - Vigilance,,1422,1500,Stress-Related - Vigilance,,,,,,,,,,,,,,,,,,,,,,,,,,,,,,,,,,,,,,,,,,,,,,,,,,,,,,,,,,,,,,,,,,,,,,,,,,,,,,,,,,,,,,,,,,,,,,,,,,Other,Rest,Rest,Rest,Rest,Other,Rest,Rest,2-5 m,2-5 m,2-5 m,2-5 m,2-5 m,2-5 m,2-5 m,2-5 m,,,,,,,,,2-5 m,2-5 m,2-5 m,2-5 m,2-5 m,2-5 m,2-5 m,2-5 m,2-5 m,2-5 m,2-5 m,2-5 m,2-5 m,2-5 m,2-5 m,2-5 m,,07/18/2026 16:07:34,,methall@wisc.edu
07/18/2026 11:01 AM,Tracy Champan,Sunny,85,122,207,Stress-Related - Vigilance,,553,623,Stress-Related - Vigilance,,,,,,,,,,,,,,,,,,,,,,,,,,,,,,,,,,,,,,,,,,,,,,,,,,,,,,,,,,,,,,,,,,,,,,,,,,,,,,,,,,,,,,,,,,,,,,,,,,,,,,,,,,,,,,,,,,,,,,,,,,Rest,Other,Rest,Other,Rest,Rest,Rest,Rest,Over 5 m,Over 5 m,2-5 m,2-5 m,2-5 m,2-5 m,2-5 m,2-5 m,2-5 m,2-5 m,2-5 m,2-5 m,2-5 m,2-5 m,2-5 m,2-5 m,Less than 2 m,Less than 2 m,Less than 2 m,Less than 2 m,Less than 2 m,Less than 2 m,Less than 2 m,Less than 2 m,,,,,,,,,,07/18/2026 16:07:36,,methall@wisc.edu
07/18/2026 11:14 AM,Chagall,Sunny,85,1243,1317,Stress-Related - Vigilance,,,,,,,,,,,,,,,,,,,,,,,,,,,,,,,,,,,,,,,,,,,,,,,,,,,,,,,,,,,,,,,,,,,,,,,,,,,,,,,,,,,,,,,,,,,,,,,,,,,,,,,,,,,,,,,,,,,,,,,,,,,,,,Rest,Rest,Rest,Rest,Rest,Rest,Rest,Rest,2-5 m,2-5 m,2-5 m,2-5 m,2-5 m,2-5 m,2-5 m,2-5 m,2-5 m,2-5 m,2-5 m,2-5 m,2-5 m,2-5 m,2-5 m,2-5 m,,,,,,,,,Less than 2 m,Less than 2 m,Less than 2 m,Less than 2 m,Less than 2 m,Less than 2 m,Less than 2 m,Less than 2 m,,07/18/2026 16:07:37,,methall@wisc.edu
07/18/2026 01:26 PM,Autumn,Sunny,92,0,636,Affiliative - Contact sit,Polli,637,823,Affiliative - Contact sit,Tracy Chapman,643,703,Affiliative - Mutual grooming,Tracy Chapman,720,818,Affiliative - Mutual grooming,Tracy Chapman,800,823,Affiliative - Contact sit,Chagall,830,840,Affiliative - Contact sit,Polli,1136,1155,Stress-Related - Self-groom,,,,,,,,,,,,,,,,,,,,,,,,,,,,,,,,,,,,,,,,,,,,,,,,,,,,,,,,,,,,,,,,,,,,,,,,,,,,,,,,,,,,,,,,,,,,,,,,,,,,,,Rest,Rest,Rest,Social,Rest,Rest,Rest,Rest,,,,,,,,,Body contact,Body contact,Body contact,Less than 2 m,Less than 2 m,2-5 m,2-5 m,2-5 m,Less than 2 m,Less than 2 m,Less than 2 m,Body contact,Less than 2 m,Less than 2 m,Less than 2 m,Less than 2 m,Less than 2 m,Less than 2 m,Less than 2 m,Less than 2 m,Less than 2 m,Less than 2 m,2-5 m,2-5 m,,07/18/2026 16:07:40,,methall@wisc.edu
07/18/2026 01:41 PM,Polli,Sunny,93,0,346,Affiliative - Contact sit,Tracy Chapman,0,147,Affiliative - Mutual grooming,Tracy Chapman,231,242,Stress-Related - Self-groom,,310,332,Stress-Related - Self-groom,,920,1500,Affiliative - Contact sit,Tracy Chapman,925,932,Stress-Related - Vigilance,,1014,1026,Stress-Related - Self-groom,,,,,,,,,,,,,,,,,,,,,,,,,,,,,,,,,,,,,,,,,,,,,,,,,,,,,,,,,,,,,,,,,,,,,,,,,,,,,,,,,,,,,,,,,,,,,,,,,,,,,,Social,Rest,Rest,Rest,Rest,Rest,Rest,Rest,2-5 m,2-5 m,2-5 m,2-5 m,2-5 m,2-5 m,2-5 m,2-5 m,,,,,,,,,2-5 m,2-5 m,2-5 m,2-5 m,2-5 m,2-5 m,2-5 m,2-5 m,Body contact,Body contact,Less than 2 m,Less than 2 m,Less than 2 m,Body contact,Body contact,Body contact,,07/18/2026 16:07:41,,methall@wisc.edu
07/18/2026 02:00 PM,Chagall,Sunny,94,0,707,Affiliative - Contact sit,Autumn,0,38,Stress-Related - Self-groom,,109,151,Stress-Related - Self-groom,,448,454,Stress-Related - Self-scratch,,540,640,Stress-Related - Vigilance,,643,652,Stress-Related - Self-groom,,750,811,Stress-Related - Vigilance,,943,1108,Stress-Related - Vigilance,,1206,1212,Stress-Related - Self-groom,,1387,1422,Stress-Related - Vigilance,,1141,1500,Stress-Related - Vigilance,,,,,,,,,,,,,,,,,,,,,,,,,,,,,,,,,,,,,,,,,,,,,,,,,,,,,,,,,,,,,,,,,,,,,,,,,,,,,,,,,,,,,,Other,Rest,Rest,Other,Other,Other,Rest,Other,Body contact,Body contact,Body contact,Body contact,Over 5 m,Over 5 m,Over 5 m,2-5 m,2-5 m,2-5 m,2-5 m,2-5 m,Over 5 m,Over 5 m,Over 5 m,Over 5 m,,,,,,,,,2-5 m,2-5 m,2-5 m,2-5 m,Over 5 m,Over 5 m,Over 5 m,Over 5 m,,07/18/2026 16:09:20,,methall@wisc.edu
07/18/2026 02:41 PM,Tracy Champan,Sunny,94,0,108,Stress-Related - Vigilance,,108,115,Stress-Related - Self-groom,,155,227,Stress-Related - Vigilance,,235,255,Stress-Related - Vigilance,,819,844,Stress-Related - Vigilance,,851,904,Stress-Related - Vigilance,,,,,,,,,,,,,,,,,,,,,,,,,,,,,,,,,,,,,,,,,,,,,,,,,,,,,,,,,,,,,,,,,,,,,,,,,,,,,,,,,,,,,,,,,,,,,,,,,,,,,,,,,,Other,Other,Rest,Rest,Rest,Rest,Rest,Rest,2-5 m,Less than 2 m,Less than 2 m,Less than 2 m,Less than 2 m,Less than 2 m,Less than 2 m,Less than 2 m,Less than 2 m,Less than 2 m,Less than 2 m,Less than 2 m,Less than 2 m,Less than 2 m,Less than 2 m,Less than 2 m,2-5 m,Less than 2 m,Less than 2 m,Less than 2 m,Less than 2 m,Less than 2 m,Less than 2 m,Less than 2 m,,,,,,,,,,07/18/2026 16:09:21,,methall@wisc.edu
07/18/2026 02:59 PM,Polli,Sunny,93,0,50,Stress-Related - Self-groom,,51,133,Stress-Related - Vigilance,,135,153,Stress-Related - Self-groom,,153,205,Stress-Related - Vigilance,,206,211,Stress-Related - Self-groom,,211,229,Stress-Related - Vigilance,,230,247,Stress-Related - Self-groom,,247,300,Stress-Related - Vigilance,,720,731,Stress-Related - Vigilance,,826,916,Stress-Related - Vigilance,,958,1020,Stress-Related - Vigilance,,1020,1029,Stress-Related - Self-groom,,1033,1050,Stress-Related - Self-groom,,1113,1124,Stress-Related - Self-groom,,,,,,,,,,,,,,,,,,,,,,,,,,,,,,,,,,,,,,,,,,,,,,,,,,,,,,,,,,,,,,,,,,,,,,,,,,Other,Other,Rest,Rest,Rest,Other,Rest,Rest,Less than 2 m,Less than 2 m,2-5 m,2-5 m,2-5 m,2-5 m,2-5 m,2-5 m,,,,,,,,,Less than 2 m,Less than 2 m,2-5 m,2-5 m,2-5 m,2-5 m,2-5 m,2-5 m,Less than 2 m,Less than 2 m,2-5 m,2-5 m,2-5 m,2-5 m,2-5 m,2-5 m,,07/18/2026 16:09:24,,methall@wisc.edu
07/18/2026 03:15 PM,Autumn,Sunny,93,951,1013,Stress-Related - Vigilance,,1021,1040,Stress-Related - Self-groom,,1239,1248,Stress-Related - Vigilance,,1248,1313,Stress-Related - Self-groom,,1315,1320,Stress-Related - Vigilance,,1327,1333,Stress-Related - Self-groom,,,,,,,,,,,,,,,,,,,,,,,,,,,,,,,,,,,,,,,,,,,,,,,,,,,,,,,,,,,,,,,,,,,,,,,,,,,,,,,,,,,,,,,,,,,,,,,,,,,,,,,,,,Rest,Rest,Rest,Rest,Rest,Other,Rest,Rest,,,,,,,,,2-5 m,2-5 m,2-5 m,2-5 m,2-5 m,2-5 m,2-5 m,2-5 m,Less than 2 m,Less than 2 m,Less than 2 m,Less than 2 m,Less than 2 m,Less than 2 m,Less than 2 m,Less than 2 m,Less than 2 m,Less than 2 m,Less than 2 m,Less than 2 m,Less than 2 m,Less than 2 m,Less than 2 m,Less than 2 m,,07/18/2026 16:09:26,,methall@wisc.edu
07/18/2026 03:28 PM,Chagall,Sunny,93,,,,,,,,,,,,,,,,,,,,,,,,,,,,,,,,,,,,,,,,,,,,,,,,,,,,,,,,,,,,,,,,,,,,,,,,,,,,,,,,,,,,,,,,,,,,,,,,,,,,,,,,,,,,,,,,,,,,,,,,,,,,,,,,,Rest,Rest,Rest,Rest,Rest,Rest,Rest,Rest,Less than 2 m,Less than 2 m,Less than 2 m,Less than 2 m,Less than 2 m,Less than 2 m,Less than 2 m,Less than 2 m,2-5 m,2-5 m,2-5 m,2-5 m,2-5 m,2-5 m,2-5 m,2-5 m,,,,,,,,,Less than 2 m,Less than 2 m,Less than 2 m,Less than 2 m,Less than 2 m,Less than 2 m,Less than 2 m,Less than 2 m,,07/18/2026 16:09:27,,methall@wisc.edu
07/18/2026 03:41 PM,Tracy Champan,Sunny,93,,,,,,,,,,,,,,,,,,,,,,,,,,,,,,,,,,,,,,,,,,,,,,,,,,,,,,,,,,,,,,,,,,,,,,,,,,,,,,,,,,,,,,,,,,,,,,,,,,,,,,,,,,,,,,,,,,,,,,,,,,,,,,,,,Rest,Rest,Rest,Rest,Rest,Rest,Rest,Rest,Less than 2 m,Less than 2 m,Less than 2 m,Less than 2 m,Less than 2 m,Less than 2 m,Less than 2 m,Less than 2 m,2-5 m,2-5 m,2-5 m,2-5 m,2-5 m,2-5 m,2-5 m,2-5 m,Less than 2 m,Less than 2 m,Less than 2 m,Less than 2 m,Less than 2 m,Less than 2 m,Less than 2 m,Less than 2 m,,,,,,,,,,07/18/2026 16:09:30,,methall@wisc.edu
07/24/2026 10:20 AM,Tracy Champan,Cloudy,90,0,6,Stress-Related - Vigilance,,48,53,Stress-Related - Self-groom,,112,119,Stress-Related - Vigilance,,119,257,Affiliative - Contact sit,Chagall,120,142,Affiliative - Mutual grooming,Chagall,145,207,Affiliative - Give grooming,Chagall,207,249,Affiliative - Mutual grooming,Chagall,341,345,Stress-Related - Vigilance,,856,900,Stress-Related - Self-groom,,1228,1232,Stress-Related - Self-groom,,1251,1256,Stress-Related - Vigilance,,,,,,,,,,,,,,,,,,,,,,,,,,,,,,,,,,,,,,,,,,,,,,,,,,,,,,,,,,,,,,,,,,,,,,,,,,,,,,,,,,,,,,Other,Social,Rest,Rest,Rest,Rest,Rest,Rest,Over 5 m,Over 5 m,Over 5 m,Over 5 m,Over 5 m,Over 5 m,Over 5 m,Over 5 m,Over 5 m,Over 5 m,Over 5 m,Over 5 m,Over 5 m,Over 5 m,Over 5 m,Over 5 m,Less than 2 m,Body contact,Less than 2 m,Less than 2 m,Less than 2 m,Less than 2 m,Less than 2 m,Less than 2 m,,,,,,,,,,07/24/2026 11:20:56,,methall@wisc.edu
07/24/2026 10:35 AM,Autumn,Cloudy,90,854,858,Stress-Related - Vigilance,,1418,1430,Stress-Related - Self-groom,,,,,,,,,,,,,,,,,,,,,,,,,,,,,,,,,,,,,,,,,,,,,,,,,,,,,,,,,,,,,,,,,,,,,,,,,,,,,,,,,,,,,,,,,,,,,,,,,,,,,,,,,,,,,,,,,,,,,,,,,,Rest,Rest,Rest,Rest,Rest,Rest,Rest,Rest,,,,,,,,,2-5 m,2-5 m,2-5 m,2-5 m,2-5 m,2-5 m,2-5 m,2-5 m,Over 5 m,Over 5 m,Over 5 m,Over 5 m,Over 5 m,Over 5 m,Over 5 m,Over 5 m,Over 5 m,Over 5 m,Over 5 m,Over 5 m,Over 5 m,Over 5 m,Over 5 m,Over 5 m,,07/24/2026 11:20:58,,methall@wisc.edu
07/24/2026 10:45 AM,Chagall,Cloudy,90,1405,1414,Stress-Related - Self-groom,,,,,,,,,,,,,,,,,,,,,,,,,,,,,,,,,,,,,,,,,,,,,,,,,,,,,,,,,,,,,,,,,,,,,,,,,,,,,,,,,,,,,,,,,,,,,,,,,,,,,,,,,,,,,,,,,,,,,,,,,,,,,,Rest,Rest,Rest,Rest,Rest,Rest,Rest,Rest,Over 5 m,Over 5 m,Over 5 m,Over 5 m,Over 5 m,Over 5 m,Over 5 m,Over 5 m,Over 5 m,Over 5 m,Over 5 m,Over 5 m,Over 5 m,Over 5 m,Over 5 m,Over 5 m,,,,,,,,,2-5 m,2-5 m,2-5 m,2-5 m,2-5 m,2-5 m,2-5 m,2-5 m,,07/24/2026 11:21:00,,methall@wisc.edu
07/24/2026 10:56 AM,Polli,Cloudy,90,1115,1120,Stress-Related - Vigilance,,,,,,,,,,,,,,,,,,,,,,,,,,,,,,,,,,,,,,,,,,,,,,,,,,,,,,,,,,,,,,,,,,,,,,,,,,,,,,,,,,,,,,,,,,,,,,,,,,,,,,,,,,,,,,,,,,,,,,,,,,,,,,Rest,Rest,Rest,Rest,Rest,Rest,Rest,Rest,2-5 m,2-5 m,2-5 m,2-5 m,2-5 m,2-5 m,2-5 m,2-5 m,,,,,,,,,Over 5 m,Over 5 m,Over 5 m,Over 5 m,Over 5 m,Over 5 m,Over 5 m,Over 5 m,Over 5 m,Over 5 m,Over 5 m,Over 5 m,Over 5 m,Over 5 m,Over 5 m,Over 5 m,,07/24/2026 11:21:03,,methall@wisc.edu
07/25/2026 09:42 AM,Tracy Champan,Sunny,85,0,449,Affiliative - Contact sit,Chagall,24,115,Affiliative - Give grooming,Chagall,123,444,Affiliative - Receive grooming,Chagall,503,621,Affiliative - Contact sit,Chagall,532,550,Affiliative - Receive grooming,Chagall,550,607,Affiliative - Mutual grooming,Chagall,1037,1048,Stress-Related - Self-groom,,,,,,,,,,,,,,,,,,,,,,,,,,,,,,,,,,,,,,,,,,,,,,,,,,,,,,,,,,,,,,,,,,,,,,,,,,,,,,,,,,,,,,,,,,,,,,,,,,,,,,Rest,Social,Social,Social,Rest,Rest,Rest,Rest,Over 5 m,Over 5 m,Over 5 m,Over 5 m,Over 5 m,Over 5 m,Over 5 m,Over 5 m,Less than 2 m,Less than 2 m,Less than 2 m,Less than 2 m,Less than 2 m,Less than 2 m,Less than 2 m,Less than 2 m,Body contact,Body contact,Body contact,Body contact,Less than 2 m,Less than 2 m,Less than 2 m,Less than 2 m,,,,,,,,,,07/25/2026 15:35:54,,methall@wisc.edu
07/25/2026 09:58 AM,Chagall,Sunny,85,828,839,Stress-Related - Vigilance,,839,849,Stress-Related - Self-groom,,859,1026,Stress-Related - Self-groom,,1030,1500,Affiliative - Contact sit,Tracy Chapman,,,,,,,,,,,,,,,,,,,,,,,,,,,,,,,,,,,,,,,,,,,,,,,,,,,,,,,,,,,,,,,,,,,,,,,,,,,,,,,,,,,,,,,,,,,,,,,,,,,,,,,,,,,,,,,,,Rest,Rest,Rest,Rest,Rest,Other,Rest,Rest,Over 5 m,Over 5 m,2-5 m,2-5 m,2-5 m,2-5 m,2-5 m,2-5 m,Less than 2 m,Less than 2 m,Less than 2 m,Less than 2 m,Less than 2 m,Less than 2 m,Less than 2 m,Less than 2 m,,,,,,,,,Less than 2 m,Less than 2 m,Less than 2 m,Less than 2 m,Less than 2 m,Less than 2 m,Body contact,Body contact,,07/25/2026 15:35:57,,methall@wisc.edu
07/25/2026 10:14 AM,Polli,Sunny,85,252,301,Stress-Related - Self-scratch,,301,308,Stress-Related - Self-groom,,1423,1450,Affiliative - Contact sit,Chagall,1450,1452,Submission - Be displaced,Tracy Chapman,,,,,,,,,,,,,,,,,,,,,,,,,,,,,,,,,,,,,,,,,,,,,,,,,,,,,,,,,,,,,,,,,,,,,,,,,,,,,,,,,,,,,,,,,,,,,,,,,,,,,,,,,,,,,,,,,Rest,Rest,Rest,Rest,Rest,Rest,Rest,Rest,Less than 2 m,Less than 2 m,Less than 2 m,Less than 2 m,Less than 2 m,Less than 2 m,Less than 2 m,Less than 2 m,,,,,,,,,Less than 2 m,Less than 2 m,Less than 2 m,Less than 2 m,Less than 2 m,Less than 2 m,Less than 2 m,Less than 2 m,Less than 2 m,Less than 2 m,Less than 2 m,Less than 2 m,Less than 2 m,Less than 2 m,Less than 2 m,Less than 2 m,,07/25/2026 15:35:58,,methall@wisc.edu
07/25/2026 10:28 AM,Autumn,Sunny,85,652,710,Affiliative - Contact sit,Tracy Chapman,804,820,Stress-Related - Self-groom,,,,,,,,,,,,,,,,,,,,,,,,,,,,,,,,,,,,,,,,,,,,,,,,,,,,,,,,,,,,,,,,,,,,,,,,,,,,,,,,,,,,,,,,,,,,,,,,,,,,,,,,,,,,,,,,,,,,,,,,,,Rest,Rest,Rest,Rest,Other,Rest,Rest,Rest,,,,,,,,,Less than 2 m,Less than 2 m,2-5 m,2-5 m,Less than 2 m,2-5 m,2-5 m,2-5 m,2-5 m,Less than 2 m,Less than 2 m,Less than 2 m,Less than 2 m,Less than 2 m,Less than 2 m,Less than 2 m,2-5 m,2-5 m,Less than 2 m,Less than 2 m,2-5 m,2-5 m,2-5 m,2-5 m,,07/25/2026 15:35:59,,methall@wisc.edu
07/25/2026 01:05 PM,Autumn,Cloudy,94,200,327,Affiliative - Contact sit,Polli,211,222,Stress-Related - Self-groom,,222,226,Stress-Related - Self-scratch,,226,245,Stress-Related - Self-groom,,333,402,Stress-Related - Self-groom,,437,453,Affiliative - Contact sit,Tracy Chapman,441,450,Affiliative - Mutual grooming,Tracy Chapman,537,542,Stress-Related - Self-groom,,612,637,Stress-Related - Self-groom,,746,830,Stress-Related - Vigilance,,841,852,Stress-Related - Vigilance,,948,1001,Stress-Related - Self-groom,,1001,1005,Stress-Related - Vigilance,,1044,1049,Stress-Related - Self-scratch,,1049,1137,Stress-Related - Vigilance,,1200,1227,Affiliative - Contact sit,Polli,1203,1227,Affiliative - Mutual grooming,Polli,1227,1247,Stress-Related - Vigilance,,1315,,,,1317,1333,Affiliative - Mutual grooming,Polli,1344,1500,Affiliative - Mutual grooming,Polli,,,,,,,,,,,,,,,,,,,,,,,,,,,,,,,,,,,,,,,,,,,,,Rest,Rest,Other,Other,Other,Other,Social,Social,,,,,,,,,Less than 2 m,Body contact,Less than 2 m,Over 5 m,2-5 m,Less than 2 m,Body contact,Body contact,Less than 2 m,Less than 2 m,Less than 2 m,Less than 2 m,Less than 2 m,2-5 m,Over 5 m,Over 5 m,2-5 m,2-5 m,2-5 m,2-5 m,2-5 m,2-5 m,Over 5 m,Over 5 m,,07/25/2026 15:36:01,,methall@wisc.edu
07/25/2026 01:47 PM,Tracy Champan,Cloudy,94,15,40,Affiliative - Mutual grooming,Chagall,58,105,Stress-Related - Vigilance,,150,215,Stress-Related - Vigilance,,249,255,Stress-Related - Self-groom,,401,428,Stress-Related - Vigilance,,525,705,Affiliative - Contact sit,Chagall,531,639,Affiliative - Mutual grooming,Chagall,641,650,Affiliative - Receive grooming,Chagall,650,657,Affiliative - Mutual grooming,Chagall,743,750,Stress-Related - Self-groom,,911,1321,Affiliative - Contact sit,Chagall,922,929,Stress-Related - Self-groom,,953,956,Stress-Related - Vigilance,,1040,1100,Stress-Related - Self-groom,,1115,1122,Stress-Related - Self-groom,,1122,1130,Stress-Related - Vigilance,,1339,1348,Stress-Related - Self-groom,,1348,1404,Stress-Related - Vigilance,,1427,1500,Affiliative - Give grooming,Chagall,,,,,,,,,,,,,,,,,,,,,,,,,,,,,,,,,,,,,,,,,,,,,,,,,,,,,Other,Other,Other,Social,Rest,Other,Rest,Other,Over 5 m,Over 5 m,2-5 m,Less than 2 m,Less than 2 m,Less than 2 m,Less than 2 m,Less than 2 m,Less than 2 m,Less than 2 m,Less than 2 m,Less than 2 m,Less than 2 m,Over 5 m,Over 5 m,Over 5 m,Less than 2 m,Less than 2 m,Less than 2 m,Body contact,Less than 2 m,Body contact,Body contact,Less than 2 m,,,,,,,,,,07/25/2026 15:36:03,,methall@wisc.edu
07/25/2026 02:02 PM,Polli,Cloudy,94,0,29,Stress-Related - Self-groom,,31,143,Stress-Related - Vigilance,,143,150,Stress-Related - Self-groom,,150,248,Stress-Related - Vigilance,,258,340,Stress-Related - Self-groom,,340,348,Stress-Related - Vigilance,,445,454,Stress-Related - Self-groom,,516,610,Stress-Related - Vigilance,,649,656,Stress-Related - Self-groom,,820,827,Stress-Related - Self-groom,,827,848,Stress-Related - Vigilance,,850,857,Stress-Related - Self-groom,,857,920,Stress-Related - Vigilance,,924,934,Stress-Related - Self-groom,,948,1004,Stress-Related - Vigilance,,1009,1023,Stress-Related - Self-groom,,1039,1059,Stress-Related - Self-groom,,1128,1207,Stress-Related - Vigilance,,1221,1234,Stress-Related - Vigilance,,1442,1446,Stress-Related - Self-scratch,,1446,1500,Stress-Related - Self-groom,,,,,,,,,,,,,,,,,,,,,,,,,,,,,,,,,,,,,,,,,,,,,,Other,Other,Other,Other,Rest,Other,Other,Other,Over 5 m,Over 5 m,Over 5 m,Over 5 m,Over 5 m,Over 5 m,Over 5 m,Over 5 m,,,,,,,,,Over 5 m,Over 5 m,Over 5 m,Over 5 m,Over 5 m,Over 5 m,Over 5 m,Over 5 m,Over 5 m,Over 5 m,Over 5 m,Over 5 m,Over 5 m,Over 5 m,Over 5 m,Over 5 m,,07/25/2026 15:36:04,,methall@wisc.edu
07/25/2026 02:20 PM,Chagall,Cloudy,95,426,434,Stress-Related - Self-groom,,434,440,Affiliative - Greet,Autumn,513,550,Stress-Related - Vigilance,,550,604,Stress-Related - Self-groom,,636,654,Stress-Related - Vigilance,,656,706,Affiliative - Receive grooming,Tracy Chapman,718,800,Affiliative - Mutual grooming,Tracy Chapman,801,820,Stress-Related - Vigilance,,844,857,Stress-Related - Vigilance,,952,1003,Stress-Related - Vigilance,,1050,1129,Affiliative - Contact sit,Tracy Chapman,1107,1256,Stress-Related - Vigilance,,1357,1442,Stress-Related - Vigilance,,,,,,,,,,,,,,,,,,,,,,,,,,,,,,,,,,,,,,,,,,,,,,,,,,,,,,,,,,,,,,,,,,,,,,,,,,,,,,Rest,Rest,Rest,Other,Social,Other,Other,Other,Less than 2 m,Less than 2 m,Less than 2 m,Less than 2 m,Less than 2 m,2-5 m,Less than 2 m,Less than 2 m,Over 5 m,Over 5 m,Over 5 m,Over 5 m,Over 5 m,2-5 m,2-5 m,2-5 m,,,,,,,,,Less than 2 m,Less than 2 m,Less than 2 m,Less than 2 m,Body contact,2-5 m,Less than 2 m,Less than 2 m,Thunder from afar since1:40,07/25/2026 15:36:06,,methall@wisc.edu
07/25/2026 02:33 PM,Autumn,Cloudy,95,739,744,Stress-Related - Self-groom,,,,,,,,,,,,,,,,,,,,,,,,,,,,,,,,,,,,,,,,,,,,,,,,,,,,,,,,,,,,,,,,,,,,,,,,,,,,,,,,,,,,,,,,,,,,,,,,,,,,,,,,,,,,,,,,,,,,,,,,,,,,,,Rest,Rest,Rest,Rest,Rest,Rest,Rest,Rest,,,,,,,,,Less than 2 m,Less than 2 m,Less than 2 m,2-5 m,2-5 m,2-5 m,2-5 m,2-5 m,2-5 m,2-5 m,Less than 2 m,Less than 2 m,Less than 2 m,Less than 2 m,Less than 2 m,Less than 2 m,Less than 2 m,Less than 2 m,Less than 2 m,Less than 2 m,Less than 2 m,Less than 2 m,Less than 2 m,Less than 2 m,Thunder,07/25/2026 15:36:07,,methall@wisc.edu
07/25/2026 02:45 PM,Tracy Champan,Cloudy,95,30,50,Stress-Related - Self-groom,,346,404,Stress-Related - Self-groom,,700,710,Stress-Related - Self-scratch,,741,753,Stress-Related - Vigilance,,826,904,Stress-Related - Vigilance,,907,910,Stress-Related - Self-groom,,928,931,Stress-Related - Self-groom,,954,1008,Stress-Related - Self-groom,,1251,1306,Stress-Related - Self-groom,,1337,1341,Stress-Related - Self-groom,,,,,,,,,,,,,,,,,,,,,,,,,,,,,,,,,,,,,,,,,,,,,,,,,,,,,,,,,,,,,,,,,,,,,,,,,,,,,,,,,,,,,,,,,,Rest,Rest,Other,Locomotion,Other,Other,Rest,Other,Less than 2 m,Less than 2 m,Less than 2 m,2-5 m,Over 5 m,Over 5 m,Over 5 m,Over 5 m,2-5 m,2-5 m,2-5 m,2-5 m,Over 5 m,Over 5 m,Over 5 m,Over 5 m,Less than 2 m,2-5 m,Over 5 m,2-5 m,Over 5 m,Less than 2 m,Less than 2 m,Less than 2 m,,,,,,,,,Thunder,07/25/2026 15:36:09,,methall@wisc.edu
07/25/2026 03:00 PM,Polli,Cloudy,95,301,31,Stress-Related - Vigilance,,319,326,Stress-Related - Self-scratch,,341,357,Stress-Related - Self-groom,,426,434,Stress-Related - Self-groom,,453,456,Stress-Related - Self-scratch,,519,523,Stress-Related - Self-scratch,,639,649,Stress-Related - Self-groom,,649,705,Stress-Related - Vigilance,,705,730,Stress-Related - Self-groom,,730,735,Stress-Related - Vigilance,,832,839,Stress-Related - Vigilance,,934,941,Stress-Related - Vigilance,,1405,1408,Stress-Related - Vigilance,,,,,,,,,,,,,,,,,,,,,,,,,,,,,,,,,,,,,,,,,,,,,,,,,,,,,,,,,,,,,,,,,,,,,,,,,,,,,,Rest,Rest,Rest,Locomotion,Other,Rest,Rest,Rest,2-5 m,2-5 m,Less than 2 m,2-5 m,Over 5 m,Over 5 m,Over 5 m,Over 5 m,,,,,,,,,Over 5 m,Over 5 m,2-5 m,2-5 m,Over 5 m,Over 5 m,Over 5 m,Over 5 m,Over 5 m,Over 5 m,2-5 m,2-5 m,Over 5 m,Over 5 m,Over 5 m,Over 5 m,Thunder,07/25/2026 15:36:11,,methall@wisc.edu
07/25/2026 03:13 PM,Chagall,Cloudy,95,,,,,,,,,,,,,,,,,,,,,,,,,,,,,,,,,,,,,,,,,,,,,,,,,,,,,,,,,,,,,,,,,,,,,,,,,,,,,,,,,,,,,,,,,,,,,,,,,,,,,,,,,,,,,,,,,,,,,,,,,,,,,,,,,Rest,Rest,Rest,Rest,Rest,Rest,Rest,Rest,Less than 2 m,Less than 2 m,Less than 2 m,2-5 m,2-5 m,2-5 m,2-5 m,2-5 m,Over 5 m,Over 5 m,Over 5 m,Over 5 m,Over 5 m,Over 5 m,Over 5 m,Over 5 m,,,,,,,,,Less than 2 m,Less than 2 m,Less than 2 m,Less than 2 m,Less than 2 m,Less than 2 m,Less than 2 m,Less than 2 m,Thunder,07/25/2026 15:36:12,,methall@wisc.edu
07/31/2026 09:34 AM,Tracy Champan,Sunny,86,0,317,Affiliative - Mutual grooming,Polli,52,320,Affiliative - Contact sit,Polli,323,512,Affiliative - Contact sit,Chagall,325,516,Affiliative - Mutual grooming,Chagall,516,543,Affiliative - Receive grooming,Chagall,543,643,Affiliative - Mutual grooming,Chagall,643,819,Affiliative - Receive grooming,Chagall,834,1138,Affiliative - Contact sit,Chagall,836,904,Affiliative - Mutual grooming,Chagall,910,925,Stress-Related - Self-groom,,942,1035,Affiliative - Mutual grooming,Chagall,1035,1111,Affiliative - Give grooming,Chagall,1111,1138,Stress-Related - Vigilance,,1321,1326,Stress-Related - Vigilance,,1326,1404,Stress-Related - Self-groom,,1416,1452,Stress-Related - Self-groom,,,,,,,,,,,,,,,,,,,,,,,,,,,,,,,,,,,,,,,,,,,,,,,,,,,,,,,,,,,,,,,,,,Social,Social,Social,Social,Social,Social,Rest,Other,Over 5 m,Over 5 m,Over 5 m,Over 5 m,Over 5 m,Over 5 m,Over 5 m,Over 5 m,Body contact,Body contact,Less than 2 m,Less than 2 m,Less than 2 m,Less than 2 m,Less than 2 m,2-5 m,Less than 2 m,Less than 2 m,Body contact,Body contact,Body contact,Body contact,Less than 2 m,Less than 2 m,,,,,,,,,,07/31/2026 10:25:45,,methall@wisc.edu
07/31/2026 09:50 AM,Chagall,Sunny,86,907,912,Stress-Related - Self-scratch,,919,922,Stress-Related - Self-scratch,,928,932,Stress-Related - Self-scratch,,128,1140,Stress-Related - Vigilance,,1243,1500,Affiliative - Contact sit,Tracy Chapman,1245,1451,Affiliative - Mutual grooming,Tracy Chapman,,,,,,,,,,,,,,,,,,,,,,,,,,,,,,,,,,,,,,,,,,,,,,,,,,,,,,,,,,,,,,,,,,,,,,,,,,,,,,,,,,,,,,,,,,,,,,,,,,,,,,,,,Rest,Rest,Rest,Rest,Rest,Other,Other,Social,Over 5 m,Over 5 m,Over 5 m,Over 5 m,Over 5 m,Over 5 m,2-5 m,Less than 2 m,Less than 2 m,Less than 2 m,Less than 2 m,Less than 2 m,Less than 2 m,Less than 2 m,Less than 2 m,Less than 2 m,,,,,,,,,Less than 2 m,Less than 2 m,Less than 2 m,Less than 2 m,Less than 2 m,Less than 2 m,Less than 2 m,Body contact,,07/31/2026 10:25:47,,methall@wisc.edu
07/31/2026 10:06 AM,Autumn,Sunny,86,0,308,Affiliative - Contact sit,Polli,0,220,Affiliative - Mutual grooming,Polli,236,305,Affiliative - Receive grooming,Polli,320,344,Stress-Related - Self-groom,,322,410,Affiliative - Contact sit,Chagall,344,349,Stress-Related - Self-scratch,,403,412,Stress-Related - Self-groom,,451,500,Stress-Related - Self-groom,,509,548,Stress-Related - Self-groom,,1112,1118,Stress-Related - Self-groom,,1124,1127,Stress-Related - Self-scratch,,1234,1240,Stress-Related - Self-scratch,,1252,1313,Stress-Related - Vigilance,,1347,1352,Stress-Related - Self-groom,,,,,,,,,,,,,,,,,,,,,,,,,,,,,,,,,,,,,,,,,,,,,,,,,,,,,,,,,,,,,,,,,,,,,,,,,,Social,Social,Rest,Rest,Rest,Rest,Rest,Other,,,,,,,,,Body contact,Body contact,Less than 2 m,Less than 2 m,Less than 2 m,Less than 2 m,Less than 2 m,Less than 2 m,Less than 2 m,Less than 2 m,Body contact,Less than 2 m,Less than 2 m,Less than 2 m,Less than 2 m,Less than 2 m,Less than 2 m,Less than 2 m,Less than 2 m,Less than 2 m,Less than 2 m,Less than 2 m,Less than 2 m,Less than 2 m,,07/31/2026 10:26:25,,methall@wisc.edu
08/01/2026 10:08 AM,Chagall,Sunny,87,,,,,,,,,,,,,,,,,,,,,,,,,,,,,,,,,,,,,,,,,,,,,,,,,,,,,,,,,,,,,,,,,,,,,,,,,,,,,,,,,,,,,,,,,,,,,,,,,,,,,,,,,,,,,,,,,,,,,,,,,,,,,,,,,Rest,Rest,Rest,Rest,Rest,Rest,Rest,Rest,2-5 m,2-5 m,2-5 m,2-5 m,2-5 m,2-5 m,2-5 m,2-5 m,Less than 2 m,Less than 2 m,Less than 2 m,Less than 2 m,Less than 2 m,Less than 2 m,Less than 2 m,Less than 2 m,,,,,,,,,Less than 2 m,Less than 2 m,Less than 2 m,Less than 2 m,Less than 2 m,Less than 2 m,Less than 2 m,Less than 2 m,,08/01/2026 15:02:56,,methall@wisc.edu
08/01/2026 10:24 AM,Tracy Champan,Sunny,87,907,924,Stress-Related - Vigilance,,931,940,Stress-Related - Vigilance,,,,,,,,,,,,,,,,,,,,,,,,,,,,,,,,,,,,,,,,,,,,,,,,,,,,,,,,,,,,,,,,,,,,,,,,,,,,,,,,,,,,,,,,,,,,,,,,,,,,,,,,,,,,,,,,,,,,,,,,,,Rest,Rest,Rest,Rest,Rest,Rest,Rest,Rest,2-5 m,2-5 m,2-5 m,2-5 m,2-5 m,2-5 m,2-5 m,2-5 m,Less than 2 m,Less than 2 m,Less than 2 m,Less than 2 m,Less than 2 m,Less than 2 m,Less than 2 m,Less than 2 m,Less than 2 m,Less than 2 m,Less than 2 m,Less than 2 m,Less than 2 m,Less than 2 m,Less than 2 m,Less than 2 m,,,,,,,,,,08/01/2026 15:02:59,,methall@wisc.edu
08/01/2026 10:42 AM,Autumn,Sunny,87,138,211,Stress-Related - Vigilance,,314,319,Stress-Related - Self-scratch,,507,518,Stress-Related - Vigilance,,630,835,Affiliative - Contact sit,Tracy Chapman,639,722,Affiliative - Mutual grooming,Tracy Chapman,733,826,Affiliative - Mutual grooming,Tracy Chapman,918,1145,Affiliative - Contact sit,Chagall,922,1130,Affiliative - Mutual grooming,Chagall,1150,1237,Affiliative - Contact sit,Tracy Chapman,1153,1235,Affiliative - Give grooming,Tracy Chapman,1243,1500,Affiliative - Contact sit,Polli,1246,1500,Affiliative - Mutual grooming,Polli,,,,,,,,,,,,,,,,,,,,,,,,,,,,,,,,,,,,,,,,,,,,,,,,,,,,,,,,,,,,,,,,,,,,,,,,,,,,,,,,,Rest,Other,Rest,Rest,Social,Social,Social,Social,,,,,,,,,2-5 m,2-5 m,2-5 m,2-5 m,2-5 m,2-5 m,2-5 m,Body contact,2-5 m,2-5 m,2-5 m,2-5 m,2-5 m,Body contact,Less than 2 m,2-5 m,Over 5 m,Over 5 m,Over 5 m,2-5 m,Body contact,Less than 2 m,Body contact,2-5 m,,08/01/2026 15:03:02,,methall@wisc.edu
08/01/2026 10:59 AM,Polli,Sunny,87,449,529,Stress-Related - Self-groom,,548,556,Stress-Related - Self-groom,,,,,,,,,,,,,,,,,,,,,,,,,,,,,,,,,,,,,,,,,,,,,,,,,,,,,,,,,,,,,,,,,,,,,,,,,,,,,,,,,,,,,,,,,,,,,,,,,,,,,,,,,,,,,,,,,,,,,,,,,,Rest,Rest,Rest,Rest,Rest,Rest,Rest,Rest,Less than 2 m,Less than 2 m,Less than 2 m,Less than 2 m,Less than 2 m,Less than 2 m,Less than 2 m,Less than 2 m,,,,,,,,,2-5 m,2-5 m,2-5 m,2-5 m,2-5 m,2-5 m,2-5 m,2-5 m,2-5 m,2-5 m,2-5 m,2-5 m,2-5 m,2-5 m,2-5 m,2-5 m,,08/01/2026 15:03:05,,methall@wisc.edu
08/01/2026 11:16 AM,Chagall,Sunny,88,1236,1244,Stress-Related - Self-groom,,1246,1324,Affiliative - Give grooming,Tracy Chapman,,,,,,,,,,,,,,,,,,,,,,,,,,,,,,,,,,,,,,,,,,,,,,,,,,,,,,,,,,,,,,,,,,,,,,,,,,,,,,,,,,,,,,,,,,,,,,,,,,,,,,,,,,,,,,,,,,,,,,,,,Rest,Rest,Rest,Rest,Rest,Rest,Rest,Rest,2-5 m,2-5 m,2-5 m,2-5 m,2-5 m,2-5 m,2-5 m,Over 5 m,2-5 m,2-5 m,2-5 m,2-5 m,2-5 m,2-5 m,2-5 m,Over 5 m,,,,,,,,,Less than 2 m,Less than 2 m,Less than 2 m,Less than 2 m,Less than 2 m,Less than 2 m,Less than 2 m,Less than 2 m,,08/01/2026 15:03:08,,methall@wisc.edu
08/01/2026 11:30 AM,Tracy Champan,Sunny,88,511,518,Stress-Related - Self-scratch,,520,532,Stress-Related - Vigilance,,858,1001,Stress-Related - Vigilance,,1003,1005,Stress-Related - Yawn,,1122,1125,Stress-Related - Yawn,,1126,1152,Stress-Related - Vigilance,,,,,,,,,,,,,,,,,,,,,,,,,,,,,,,,,,,,,,,,,,,,,,,,,,,,,,,,,,,,,,,,,,,,,,,,,,,,,,,,,,,,,,,,,,,,,,,,,,,,,,,,,,Other,Rest,Rest,Rest,Rest,Other,Locomotion,Rest,2-5 m,2-5 m,2-5 m,2-5 m,2-5 m,2-5 m,2-5 m,2-5 m,2-5 m,2-5 m,2-5 m,2-5 m,2-5 m,2-5 m,2-5 m,2-5 m,Less than 2 m,Less than 2 m,Less than 2 m,Less than 2 m,Less than 2 m,Less than 2 m,2-5 m,2-5 m,,,,,,,,,,08/01/2026 15:03:12,,methall@wisc.edu
08/01/2026 01:20 PM,Autumn,Sunny,90,0,117,Affiliative - Mutual grooming,Chagall,125,146,Stress-Related - Vigilance,,152,229,Affiliative - Receive grooming,Chagall,245,345,Stress-Related - Vigilance,,403,435,Stress-Related - Vigilance,,437,451,Stress-Related - Self-groom,,504,929,Affiliative - Contact sit,Tracy Chapman,522,635,Affiliative - Mutual grooming,Tracy Chapman,635,654,Stress-Related - Vigilance,,658,715,Affiliative - Mutual grooming,Tracy Chapman,715,725,Stress-Related - Vigilance,,726,800,Affiliative - Mutual grooming,Tracy Chapman,800,938,Stress-Related - Vigilance,,942,958,Stress-Related - Self-scratch,,1031,1134,Stress-Related - Vigilance,,1139,1151,Stress-Related - Vigilance,,1157,1256,Stress-Related - Vigilance,,1310,1315,Stress-Related - Vigilance,,1328,1333,Stress-Related - Vigilance,,1351,1416,Stress-Related - Vigilance,,1437,1452,Stress-Related - Vigilance,,,,,,,,,,,,,,,,,,,,,,,,,,,,,,,,,,,,,,,,,,,,,,Social,Social,Other,Social,Social,Locomotion,Other,Other,,,,,,,,,2-5 m,2-5 m,Less than 2 m,Less than 2 m,Less than 2 m,Over 5 m,2-5 m,Over 5 m,Body contact,Body contact,Less than 2 m,Less than 2 m,Less than 2 m,2-5 m,2-5 m,Less than 2 m,Over 5 m,Less than 2 m,Less than 2 m,Body contact,Body contact,2-5 m,2-5 m,Over 5 m,,08/01/2026 15:03:15,,methall@wisc.edu
08/01/2026 01:37 PM,Polli,Sunny,90,0,314,Stress-Related - Vigilance,,322,334,Stress-Related - Vigilance,,339,345,Stress-Related - Vigilance,,345,352,Stress-Related - Vigilance,,352,709,Stress-Related - Vigilance,,725,735,Stress-Related - Vigilance,,836,915,Stress-Related - Vigilance,,915,922,Stress-Related - Self-scratch,,922,927,Stress-Related - Self-groom,,946,1106,Stress-Related - Vigilance,,1133,1450,Stress-Related - Vigilance,,,,,,,,,,,,,,,,,,,,,,,,,,,,,,,,,,,,,,,,,,,,,,,,,,,,,,,,,,,,,,,,,,,,,,,,,,,,,,,,,,,,,,Other,Other,Other,Other,Locomotion,Other,Other,Other,2-5 m,2-5 m,2-5 m,2-5 m,Over 5 m,2-5 m,Over 5 m,Over 5 m,,,,,,,,,2-5 m,2-5 m,Over 5 m,Over 5 m,2-5 m,2-5 m,Over 5 m,Over 5 m,Over 5 m,Over 5 m,2-5 m,Less than 2 m,Over 5 m,Over 5 m,2-5 m,2-5 m,,08/01/2026 15:03:18,,methall@wisc.edu
08/01/2026 01:52 PM,Chagall,Sunny,9,36,202,Stress-Related - Vigilance,,229,234,Stress-Related - Vigilance,,238,409,Stress-Related - Vigilance,,409,412,Stress-Related - Self-groom,,412,417,Stress-Related - Vigilance,,424,435,Stress-Related - Vigilance,,450,455,Stress-Related - Vigilance,,552,640,Stress-Related - Vigilance,,643,650,Stress-Related - Self-groom,,739,746,Stress-Related - Self-groom,,746,803,Stress-Related - Vigilance,,814,836,Stress-Related - Self-groom,,843,857,Stress-Related - Vigilance,,910,940,Stress-Related - Self-groom,,956,1008,Stress-Related - Self-groom,,1049,1059,Stress-Related - Self-groom,,,,,,,,,,,,,,,,,,,,,,,,,,,,,,,,,,,,,,,,,,,,,,,,,,,,,,,,,,,,,,,,,,Locomotion,Other,Other,Other,Other,Other,Rest,Rest,2-5 m,2-5 m,2-5 m,2-5 m,2-5 m,2-5 m,2-5 m,2-5 m,Over 5 m,Over 5 m,2-5 m,Less than 2 m,Less than 2 m,Less than 2 m,Less than 2 m,Less than 2 m,,,,,,,,,2-5 m,Less than 2 m,2-5 m,Less than 2 m,Less than 2 m,Less than 2 m,Less than 2 m,Less than 2 m,,08/01/2026 15:03:21,,methall@wisc.edu
08/01/2026 02:06 PM,Tracy Champan,Sunny,92,148,155,Stress-Related - Self-groom,,155,209,Stress-Related - Vigilance,,336,340,Stress-Related - Self-scratch,,515,542,Stress-Related - Vigilance,,619,652,Stress-Related - Vigilance,,707,919,Stress-Related - Vigilance,,919,931,Stress-Related - Self-groom,,931,952,Stress-Related - Vigilance,,952,959,Stress-Related - Self-groom,,959,1006,Stress-Related - Self-scratch,,1048,1055,Stress-Related - Self-groom,,1150,1153,Stress-Related - Vigilance,,1241,1250,Stress-Related - Vigilance,,1301,1315,Stress-Related - Vigilance,,1324,1413,Affiliative - Mutual grooming,Chagall,1424,1441,Affiliative - Mutual grooming,,1441,1500,Affiliative - Give grooming,Chagall,,,,,,,,,,,,,,,,,,,,,,,,,,,,,,,,,,,,,,,,,,,,,,,,,,,,,,,,,,,,,Rest,Other,Rest,Other,Other,Other,Rest,Social,2-5 m,2-5 m,2-5 m,2-5 m,2-5 m,2-5 m,2-5 m,2-5 m,Less than 2 m,Less than 2 m,Less than 2 m,Less than 2 m,Less than 2 m,Less than 2 m,Less than 2 m,Less than 2 m,Less than 2 m,Less than 2 m,Less than 2 m,Less than 2 m,Less than 2 m,Less than 2 m,Less than 2 m,Body contact,,,,,,,,,,08/01/2026 15:03:24,,methall@wisc.edu
08/01/2026 02:21 PM,Autumn,Sunny,92,642,646,Stress-Related - Vigilance,,705,809,Stress-Related - Self-groom,,949,954,Stress-Related - Self-scratch,,956,1003,Stress-Related - Vigilance,,1034,1043,Stress-Related - Vigilance,,1100,1108,Stress-Related - Vigilance,,1129,1136,Stress-Related - Vigilance,,1140,1258,Stress-Related - Vigilance,,1314,1329,Affiliative - Mutual grooming,Chagall,1334,1500,Affiliative - Contact sit,Chagall,1341,1500,Affiliative - Mutual grooming,Chagall,,,,,,,,,,,,,,,,,,,,,,,,,,,,,,,,,,,,,,,,,,,,,,,,,,,,,,,,,,,,,,,,,,,,,,,,,,,,,,,,,,,,,Rest,Rest,Rest,Rest,Other,Other,Other,Social,,,,,,,,,2-5 m,2-5 m,2-5 m,2-5 m,2-5 m,2-5 m,2-5 m,Less than 2 m,2-5 m,2-5 m,2-5 m,2-5 m,2-5 m,2-5 m,2-5 m,Body contact,2-5 m,2-5 m,2-5 m,2-5 m,2-5 m,2-5 m,2-5 m,Less than 2 m,,08/01/2026 15:03:27,,methall@wisc.edu
08/01/2026 02:36 PM,Polli,Cloudy,92,9,17,Stress-Related - Vigilance,,235,239,Stress-Related - Vigilance,,413,425,Stress-Related - Vigilance,,524,532,Stress-Related - Vigilance,,538,551,Stress-Related - Vigilance,,950,956,Stress-Related - Vigilance,,956,958,Stress-Related - Self-groom,,958,1014,Stress-Related - Vigilance,,1014,1018,Stress-Related - Self-groom,,1326,1422,Stress-Related - Vigilance,,,,,,,,,,,,,,,,,,,,,,,,,,,,,,,,,,,,,,,,,,,,,,,,,,,,,,,,,,,,,,,,,,,,,,,,,,,,,,,,,,,,,,,,,,Rest,Rest,Rest,Rest,Rest,Other,Rest,Other,2-5 m,2-5 m,2-5 m,2-5 m,2-5 m,2-5 m,2-5 m,2-5 m,,,,,,,,,Less than 2 m,Less than 2 m,Less than 2 m,Less than 2 m,Less than 2 m,Less than 2 m,Less than 2 m,Less than 2 m,Less than 2 m,Less than 2 m,Less than 2 m,Less than 2 m,Less than 2 m,Less than 2 m,Less than 2 m,2-5 m,,08/01/2026 15:03:30,,methall@wisc.edu
