Date-Time,Focal,Weather,Temperature (F),START,END,CONTINUOUS Behaviors,Social Partner(s),START,END,CONTINUOUS Behaviors,Social Partner(s),START,END,CONTINUOUS Behaviors,Social Partner(s),START,END,CONTINUOUS Behaviors,Social Partner(s),START,END,CONTINUOUS Behaviors,Social Partner(s),START,END,CONTINUOUS Behaviors,Social Partner(s),START,END,CONTINUOUS Behaviors,Social Partner(s),START,END,CONTINUOUS Behaviors,Social Partner(s),START,END,CONTINUOUS Behaviors,Social Partner(s),START,END,CONTINUOUS Behaviors,Social Partner(s),START,END,CONTINUOUS Behaviors,Social Partner(s),START,END,CONTINUOUS Behaviors,Social Partner(s),START,END,CONTINUOUS Behaviors,Social Partner(s),START,END,CONTINUOUS Behaviors,Social Partner(s),START,END,CONTINUOUS Behaviors,Social Partner(s),START,END,CONTINUOUS Behaviors,Social Partner(s),START,END,CONTINUOUS Behaviors,Social Partner(s),START,END,CONTINUOUS Behaviors,Social Partner(s),START,END,CONTINUOUS Behaviors,Social Partner(s),START,END,CONTINUOUS Behaviors,Social Partner(s),START,END,CONTINUOUS Behaviors,Social Partner(s),START,END,CONTINUOUS Behaviors,Social Partner(s),START,END,CONTINUOUS Behaviors,Social Partner(s),START,END,CONTINUOUS Behaviors,Social Partner(s),START,END,CONTINUOUS Behaviors,Social Partner(s),START,END,CONTINUOUS Behaviors,Social Partner(s),START,END,CONTINUOUS Behaviors,Social Partner(s),START,END,CONTINUOUS Behaviors,Social Partner(s),START,END,CONTINUOUS Behaviors,Social Partner(s),START,END,CONTINUOUS Behaviors,Social Partner(s),START,END,CONTINUOUS Behaviors,Social Partner(s),START,END,CONTINUOUS Behaviors,Social Partner(s),1,2,3,4,5,6,7,8,DEL 1,DEL 2,DEL 3,DEL 4,DEL 5,DEL 6,DEL 7,DEL 8,CBR 1,CBR 2,CBR 3,CBR 4,CBR 5,CBR 6,CBR 7,CBR 8,PHA 1,PHA 2,PHA 3,PHA 4,PHA 5,PHA 6,PHA 7,PHA 8,LAU 1,LAU 2,LAU 3,LAU 4,LAU 5,LAU 6,LAU 7,LAU 8,JJO 1,JJO 2,JJO 3,JJO 4,JJO 5,JJO 6,JJO 7,JJO 8,Notes,Added Time,Referrer Name,Task Owner
07/30/2026 11:04 AM,Delilah,Sunny,84,425,431,Stress-Related - Vigilance,,440,454,Stress-Related - Self-groom,,751,823,Stress-Related - Self-groom,,823,830,Stress-Related - Vigilance,,,,,,,,,,,,,,,,,,,,,,,,,,,,,,,,,,,,,,,,,,,,,,,,,,,,,,,,,,,,,,,,,,,,,,,,,,,,,,,,,,,,,,,,,,,,,,,,,,,,,,,,,,,,,,,,,,Rest,Rest,Rest,Rest,Other,Rest,Rest,Rest,,,,,,,,,2-5 m,2-5 m,2-5 m,2-5 m,2-5 m,2-5 m,2-5 m,2-5 m,2-5 m,2-5 m,2-5 m,2-5 m,2-5 m,2-5 m,2-5 m,2-5 m,2-5 m,2-5 m,2-5 m,2-5 m,2-5 m,2-5 m,2-5 m,2-5 m,Less than 2 m,Less than 2 m,Less than 2 m,Less than 2 m,Less than 2 m,Less than 2 m,Less than 2 m,Less than 2 m,,07/31/2026 11:30:44,,methall@wisc.edu
07/30/2026 10:48 AM,Pearl Hart,Sunny,84,0,106,Affiliative - Contact sit,Charlie Brown,0,102,Affiliative - Mutual grooming,Charlie Brown,108,139,Affiliative - Give grooming,Janis Joplin,140,328,Affiliative - Contact sit,Janis Joplin,142,225,Affiliative - Mutual grooming,Janis Joplin,250,311,Affiliative - Mutual grooming,Janis Joplin,337,341,Stress-Related - Self-scratch,,356,400,Stress-Related - Self-scratch,,438,447,Stress-Related - Self-groom,,652,701,Stress-Related - Vigilance,,720,815,Stress-Related - Vigilance,,1310,1325,Stress-Related - Vigilance,,,,,,,,,,,,,,,,,,,,,,,,,,,,,,,,,,,,,,,,,,,,,,,,,,,,,,,,,,,,,,,,,,,,,,,,,,,,,,,,,,Social,Social,Other,Rest,Other,Rest,Rest,Rest,2-5 m,2-5 m,2-5 m,2-5 m,2-5 m,2-5 m,2-5 m,2-5 m,Body contact,Less than 2 m,2-5 m,2-5 m,2-5 m,2-5 m,2-5 m,2-5 m,,,,,,,,,2-5 m,2-5 m,2-5 m,2-5 m,2-5 m,2-5 m,2-5 m,2-5 m,Less than 2 m,Body contact,Less than 2 m,2-5 m,2-5 m,2-5 m,2-5 m,2-5 m,,07/31/2026 11:30:32,,methall@wisc.edu
07/30/2026 02:01 PM,Laurel,Sunny,87,22,26,Stress-Related - Self-scratch,,659,703,Stress-Related - Vigilance,,703,708,Stress-Related - Self-groom,,722,738,Stress-Related - Self-groom,,740,742,Stress-Related - Yawn,,754,756,Stress-Related - Head throw-back,,,,,,,,,,,,,,,,,,,,,,,,,,,,,,,,,,,,,,,,,,,,,,,,,,,,,,,,,,,,,,,,,,,,,,,,,,,,,,,,,,,,,,,,,,,,,,,,,,,,,,,,,,Other,Rest,Rest,Rest,Other,Rest,Rest,Rest,2-5 m,2-5 m,2-5 m,2-5 m,2-5 m,2-5 m,2-5 m,2-5 m,2-5 m,2-5 m,2-5 m,2-5 m,2-5 m,2-5 m,2-5 m,2-5 m,Less than 2 m,Less than 2 m,Less than 2 m,Less than 2 m,Less than 2 m,Less than 2 m,Less than 2 m,Less than 2 m,,,,,,,,,Less than 2 m,Less than 2 m,Less than 2 m,Less than 2 m,Less than 2 m,Less than 2 m,Less than 2 m,Less than 2 m,,07/30/2026 14:25:35,,methall@wisc.edu
07/30/2026 01:48 PM,Pearl Hart,Sunny,87,,,,,,,,,,,,,,,,,,,,,,,,,,,,,,,,,,,,,,,,,,,,,,,,,,,,,,,,,,,,,,,,,,,,,,,,,,,,,,,,,,,,,,,,,,,,,,,,,,,,,,,,,,,,,,,,,,,,,,,,,,,,,,,,,Rest,Rest,Rest,Rest,Other,Rest,Rest,Rest,2-5 m,2-5 m,2-5 m,2-5 m,2-5 m,2-5 m,2-5 m,2-5 m,2-5 m,2-5 m,2-5 m,2-5 m,2-5 m,2-5 m,2-5 m,2-5 m,,,,,,,,,Less than 2 m,Less than 2 m,Less than 2 m,Less than 2 m,Less than 2 m,Less than 2 m,Less than 2 m,Less than 2 m,Less than 2 m,Less than 2 m,Less than 2 m,Less than 2 m,Less than 2 m,Less than 2 m,Less than 2 m,Less than 2 m,,07/30/2026 14:25:34,,methall@wisc.edu
07/30/2026 01:37 PM,Laurel,Sunny,87,727,822,Stress-Related - Self-groom,,823,826,Stress-Related - Yawn,,,,,,,,,,,,,,,,,,,,,,,,,,,,,,,,,,,,,,,,,,,,,,,,,,,,,,,,,,,,,,,,,,,,,,,,,,,,,,,,,,,,,,,,,,,,,,,,,,,,,,,,,,,,,,,,,,,,,,,,,,Rest,Rest,Rest,Rest,Rest,Rest,Rest,Rest,,,,,,,,,Less than 2 m,Less than 2 m,Less than 2 m,Less than 2 m,Less than 2 m,Less than 2 m,Less than 2 m,Less than 2 m,2-5 m,2-5 m,2-5 m,2-5 m,2-5 m,2-5 m,2-5 m,2-5 m,2-5 m,2-5 m,2-5 m,2-5 m,2-5 m,2-5 m,2-5 m,2-5 m,2-5 m,2-5 m,2-5 m,2-5 m,2-5 m,2-5 m,2-5 m,2-5 m,,07/30/2026 14:25:33,,methall@wisc.edu
07/30/2026 01:22 PM,Janis Joplin,Sunny,87,0,610,Affiliative - Contact sit,Pearl Hart,13,17,Stress-Related - Vigilance,,120,128,Stress-Related - Vigilance,,153,209,Stress-Related - Vigilance,,421,439,Stress-Related - Self-groom,,455,501,Stress-Related - Vigilance,,501,524,Stress-Related - Self-groom,,526,536,Affiliative - Receive grooming,Pearl Hart,614,637,Affiliative - Contact sit,Laurel,,,,,,,,,,,,,,,,,,,,,,,,,,,,,,,,,,,,,,,,,,,,,,,,,,,,,,,,,,,,,,,,,,,,,,,,,,,,,,,,,,,,,,,,,,,,,Rest,Other,Rest,Rest,Rest,Rest,Rest,Rest,2-5 m,2-5 m,2-5 m,2-5 m,2-5 m,2-5 m,2-5 m,2-5 m,2-5 m,2-5 m,2-5 m,2-5 m,2-5 m,2-5 m,2-5 m,2-5 m,Body contact,Body contact,Body contact,Body contact,Less than 2 m,Less than 2 m,Less than 2 m,Less than 2 m,Less than 2 m,Less than 2 m,Less than 2 m,Less than 2 m,Less than 2 m,Less than 2 m,Less than 2 m,Less than 2 m,,,,,,,,,,07/30/2026 14:25:31,,methall@wisc.edu
07/30/2026 11:19 AM,Janis Joplin,Sunny,84,1205,1213,Stress-Related - Self-groom,,1237,1240,Stress-Related - Yawn,,,,,,,,,,,,,,,,,,,,,,,,,,,,,,,,,,,,,,,,,,,,,,,,,,,,,,,,,,,,,,,,,,,,,,,,,,,,,,,,,,,,,,,,,,,,,,,,,,,,,,,,,,,,,,,,,,,,,,,,,,Rest,Rest,Rest,Rest,Rest,Rest,Rest,Rest,Less than 2 m,Less than 2 m,Less than 2 m,Less than 2 m,Less than 2 m,Less than 2 m,Less than 2 m,Less than 2 m,2-5 m,2-5 m,2-5 m,2-5 m,2-5 m,2-5 m,2-5 m,2-5 m,2-5 m,2-5 m,2-5 m,2-5 m,2-5 m,2-5 m,2-5 m,2-5 m,2-5 m,2-5 m,2-5 m,2-5 m,2-5 m,2-5 m,2-5 m,2-5 m,,,,,,,,,,07/30/2026 14:25:30,,methall@wisc.edu
07/30/2026 10:30 AM,Laurel,Sunny,83,236,425,Affiliative - Mutual grooming,Pearl Hart,341,433,Affiliative - Contact sit,,444,500,Stress-Related - Self-groom,,500,505,Stress-Related - Vigilance,,505,529,Stress-Related - Self-groom,,602,617,Stress-Related - Self-groom,,617,633,Stress-Related - Vigilance,,715,740,Stress-Related - Self-groom,,802,811,Stress-Related - Self-groom,,,,,,,,,,,,,,,,,,,,,,,,,,,,,,,,,,,,,,,,,,,,,,,,,,,,,,,,,,,,,,,,,,,,,,,,,,,,,,,,,,,,,,,,,,,,,,Rest,Rest,Social,Other,Other,Rest,Rest,Rest,2-5 m,2-5 m,2-5 m,Less than 2 m,Less than 2 m,Less than 2 m,Less than 2 m,Less than 2 m,2-5 m,2-5 m,2-5 m,2-5 m,2-5 m,2-5 m,2-5 m,2-5 m,2-5 m,2-5 m,2-5 m,Over 5 m,Over 5 m,Over 5 m,2-5 m,2-5 m,,,,,,,,,2-5 m,2-5 m,2-5 m,2-5 m,2-5 m,2-5 m,2-5 m,2-5 m,,07/30/2026 11:49:10,,methall@wisc.edu
07/30/2026 10:04 AM,Janis Joplin,Sunny,83,0,102,Affiliative - Contact sit,,0,57,Affiliative - Mutual grooming,Delilah,107,208,Stress-Related - Self-groom,,221,311,Stress-Related - Self-groom,,444,447,Stress-Related - Vigilance,,549,558,Stress-Related - Vigilance,,900,904,Stress-Related - Self-groom,,907,911,Affiliative - Receive grooming,Pearl Hart,917,921,Affiliative - Mutual grooming,Pearl Hart,921,940,Affiliative - Receive grooming,Pearl Hart,902,957,Affiliative - Contact sit,Pearl Hart,1001,1443,Affiliative - Contact sit,Charlie Brown,1001,1127,Affiliative - Mutual grooming,Charlie Brown,1127,1135,Stress-Related - Vigilance,,1135,1207,Affiliative - Mutual grooming,Charlie Brown,1207,1215,Stress-Related - Self-groom,,1215,1230,Affiliative - Mutual grooming,Charlie Brown,1230,1253,Affiliative - Give grooming,Charlie Brown,1253,1321,Affiliative - Mutual grooming,Charlie Brown,1321,1331,Stress-Related - Self-groom,,1345,1351,Stress-Related - Self-groom,,1351,1400,Stress-Related - Vigilance,,1400,1415,Stress-Related - Self-groom,,1415,1423,Stress-Related - Vigilance,,1423,1430,Stress-Related - Self-scratch,,,,,,,,,,,,,,,,,,,,,,,,,,,,,,Social,Other,Rest,Rest,Rest,Social,Social,Other,Body contact,Less than 2 m,Less than 2 m,Less than 2 m,Less than 2 m,2-5 m,2-5 m,2-5 m,Over 5 m,Over 5 m,Over 5 m,Over 5 m,Over 5 m,Body contact,Body contact,Body contact,2-5 m,2-5 m,2-5 m,2-5 m,2-5 m,2-5 m,2-5 m,2-5 m,Over 5 m,2-5 m,2-5 m,2-5 m,2-5 m,2-5 m,2-5 m,2-5 m,,,,,,,,,,07/30/2026 11:49:09,,methall@wisc.edu
07/23/2026 04:01 PM,Laurel,Sunny,90,0,113,Affiliative - Give grooming,Delilah,139,700,Affiliative - Contact sit,Charlie Brown,145,406,Affiliative - Mutual grooming,Charlie Brown,406,428,Affiliative - Receive grooming,Charlie Brown,428,503,Affiliative - Mutual grooming,Charlie Brown,525,650,Affiliative - Give grooming,Charlie Brown,650,703,Stress-Related - Self-groom,,709,717,Stress-Related - Self-groom,,733,746,Stress-Related - Self-groom,,837,840,Stress-Related - Head throw-back,,849,1032,Affiliative - Mutual grooming,Charlie Brown,1044,1050,Stress-Related - Self-groom,,1057,1101,Stress-Related - Self-groom,,1320,1325,Stress-Related - Self-groom,,1330,1500,Stress-Related - Vigilance,,,,,,,,,,,,,,,,,,,,,,,,,,,,,,,,,,,,,,,,,,,,,,,,,,,,,,,,,,,,,,,,,,,,,,Social,Social,Social,Social,Other,Social,Rest,Other,Body contact,Less than 2 m,Less than 2 m,Less than 2 m,Less than 2 m,Less than 2 m,Less than 2 m,Less than 2 m,2-5 m,Body contact,Body contact,Body contact,Less than 2 m,Body contact,Less than 2 m,2-5 m,2-5 m,2-5 m,Less than 2 m,Less than 2 m,Less than 2 m,Less than 2 m,Less than 2 m,2-5 m,,,,,,,,,Less than 2 m,Less than 2 m,Less than 2 m,Less than 2 m,Less than 2 m,Less than 2 m,Less than 2 m,2-5 m,,07/23/2026 16:24:14,,methall@wisc.edu
07/23/2026 03:47 PM,Pearl Hart,Sunny,95,0,137,Affiliative - Contact sit,Charlie Brown,5,127,Affiliative - Mutual grooming,Charlie Brown,153,220,Stress-Related - Vigilance,,249,303,Stress-Related - Vigilance,,305,329,Stress-Related - Self-groom,,348,434,Stress-Related - Self-groom,,548,635,Stress-Related - Self-groom,,913,931,Stress-Related - Self-groom,,958,1011,Stress-Related - Self-groom,,1321,1335,Stress-Related - Vigilance,,,,,,,,,,,,,,,,,,,,,,,,,,,,,,,,,,,,,,,,,,,,,,,,,,,,,,,,,,,,,,,,,,,,,,,,,,,,,,,,,,,,,,,,,,Social,Other,Other,Other,Rest,Other,Rest,Other,2-5 m,2-5 m,2-5 m,2-5 m,2-5 m,2-5 m,2-5 m,2-5 m,Body contact,Less than 2 m,Less than 2 m,2-5 m,2-5 m,2-5 m,2-5 m,Less than 2 m,,,,,,,,,2-5 m,2-5 m,2-5 m,2-5 m,2-5 m,2-5 m,2-5 m,2-5 m,2-5 m,2-5 m,2-5 m,2-5 m,2-5 m,2-5 m,2-5 m,2-5 m,,07/23/2026 16:24:13,,methall@wisc.edu
07/23/2026 03:04 PM,Delilah,Sunny,95,719,800,Affiliative - Contact sit,Pearl Hart,1017,1020,Stress-Related - Yawn,,1104,1110,Affiliative - Contact sit,Janis Joplin,1159,1217,Stress-Related - Self-groom,,1258,1310,Stress-Related - Self-groom,,1319,1323,Stress-Related - Yawn,,,,,,,,,,,,,,,,,,,,,,,,,,,,,,,,,,,,,,,,,,,,,,,,,,,,,,,,,,,,,,,,,,,,,,,,,,,,,,,,,,,,,,,,,,,,,,,,,,,,,,,,,,Rest,Rest,Rest,Rest,Other,Other,Other,Locomotion,,,,,,,,,Less than 2 m,Less than 2 m,Less than 2 m,Less than 2 m,2-5 m,Less than 2 m,Less than 2 m,2-5 m,Less than 2 m,Less than 2 m,Less than 2 m,Less than 2 m,Body contact,Less than 2 m,Over 5 m,Over 5 m,Over 5 m,Over 5 m,Over 5 m,Over 5 m,Over 5 m,Over 5 m,Over 5 m,Over 5 m,Less than 2 m,Less than 2 m,2-5 m,2-5 m,2-5 m,Less than 2 m,2-5 m,Over 5 m,,07/23/2026 16:24:11,,methall@wisc.edu
07/23/2026 02:49 PM,Janis Joplin,Sunny,95,112,125,Stress-Related - Vigilance,,649,714,Stress-Related - Self-groom,,732,754,Stress-Related - Vigilance,,839,1030,Stress-Related - Vigilance,,1111,1131,Affiliative - Give grooming,Pearl Hart,1131,1145,Affiliative - Receive grooming,Pearl Hart,1131,1157,Stress-Related - Self-groom,,1315,1320,Stress-Related - Vigilance,,,,,,,,,,,,,,,,,,,,,,,,,,,,,,,,,,,,,,,,,,,,,,,,,,,,,,,,,,,,,,,,,,,,,,,,,,,,,,,,,,,,,,,,,,,,,,,,,,Rest,Rest,Rest,Rest,Rest,Other,Other,Rest,2-5 m,2-5 m,2-5 m,2-5 m,2-5 m,2-5 m,Less than 2 m,Less than 2 m,Less than 2 m,Less than 2 m,Less than 2 m,Less than 2 m,Less than 2 m,Less than 2 m,2-5 m,2-5 m,2-5 m,2-5 m,2-5 m,2-5 m,2-5 m,2-5 m,Less than 2 m,Less than 2 m,2-5 m,2-5 m,2-5 m,2-5 m,Over 5 m,Over 5 m,Over 5 m,Over 5 m,,,,,,,,,,07/23/2026 16:24:09,,methall@wisc.edu
07/23/2026 02:36 PM,Laurel,Sunny,95,332,339,Stress-Related - Self-groom,,353,410,Stress-Related - Self-groom,,410,435,Stress-Related - Vigilance,,509,520,Stress-Related - Self-groom,,606,620,Stress-Related - Self-groom,,642,707,Stress-Related - Vigilance,,707,718,Stress-Related - Self-groom,,855,912,Stress-Related - Self-groom,,921,925,Stress-Related - Self-groom,,935,940,Stress-Related - Self-groom,,940,1016,Stress-Related - Vigilance,,1016,1031,Stress-Related - Self-groom,,1341,1350,Stress-Related - Self-groom,,1400,1404,Stress-Related - Yawn,,,,,,,,,,,,,,,,,,,,,,,,,,,,,,,,,,,,,,,,,,,,,,,,,,,,,,,,,,,,,,,,,,,,,,,,,,Rest,Rest,Other,Other,Rest,Other,Rest,Other,2-5 m,2-5 m,2-5 m,2-5 m,2-5 m,2-5 m,2-5 m,2-5 m,2-5 m,2-5 m,2-5 m,2-5 m,2-5 m,2-5 m,2-5 m,2-5 m,Less than 2 m,Less than 2 m,Less than 2 m,2-5 m,2-5 m,Less than 2 m,Less than 2 m,Less than 2 m,,,,,,,,,2-5 m,2-5 m,2-5 m,2-5 m,2-5 m,2-5 m,2-5 m,2-5 m,,07/23/2026 16:24:08,,methall@wisc.edu
07/23/2026 02:21 PM,Pearl Hart,Sunny,95,0,15,Affiliative - Contact sit,Delilah,1223,1226,Stress-Related - Yawn,,1233,1244,Stress-Related - Self-groom,,,,,,,,,,,,,,,,,,,,,,,,,,,,,,,,,,,,,,,,,,,,,,,,,,,,,,,,,,,,,,,,,,,,,,,,,,,,,,,,,,,,,,,,,,,,,,,,,,,,,,,,,,,,,,,,,,,,,,Rest,Rest,Rest,Rest,Rest,Rest,Rest,Rest,Body contact,Less than 2 m,Less than 2 m,Less than 2 m,Less than 2 m,Less than 2 m,Less than 2 m,Less than 2 m,Over 5 m,Over 5 m,2-5 m,2-5 m,2-5 m,2-5 m,2-5 m,2-5 m,,,,,,,,,Less than 2 m,Less than 2 m,Less than 2 m,Less than 2 m,Less than 2 m,Less than 2 m,Less than 2 m,Less than 2 m,Over 5 m,Over 5 m,2-5 m,2-5 m,2-5 m,2-5 m,2-5 m,2-5 m,,07/23/2026 16:24:05,,methall@wisc.edu
07/23/2026 02:10 PM,Delilah,Sunny,95,0,139,Affiliative - Give grooming,Pearl Hart,141,145,Stress-Related - Yawn,,147,352,Affiliative - Give grooming,Pearl Hart,354,410,Stress-Related - Self-groom,,904,907,Stress-Related - Vigilance,,1430,1500,Affiliative - Contact sit,,,,,,,,,,,,,,,,,,,,,,,,,,,,,,,,,,,,,,,,,,,,,,,,,,,,,,,,,,,,,,,,,,,,,,,,,,,,,,,,,,,,,,,,,,,,,,,,,,,,,,,,,,Social,Social,Other,Rest,Rest,Rest,Rest,Rest,,,,,,,,,2-5 m,2-5 m,2-5 m,2-5 m,2-5 m,2-5 m,2-5 m,2-5 m,Body contact,Body contact,Less than 2 m,Less than 2 m,Less than 2 m,Less than 2 m,Less than 2 m,Less than 2 m,Less than 2 m,Less than 2 m,Less than 2 m,Less than 2 m,Less than 2 m,Less than 2 m,Less than 2 m,Less than 2 m,Over 5 m,Over 5 m,Over 5 m,Over 5 m,Over 5 m,Over 5 m,Over 5 m,Over 5 m,,07/23/2026 16:24:02,,methall@wisc.edu
07/23/2026 01:55 PM,Janis Joplin,Sunny,95,1109,1139,Stress-Related - Self-groom,,,,,,,,,,,,,,,,,,,,,,,,,,,,,,,,,,,,,,,,,,,,,,,,,,,,,,,,,,,,,,,,,,,,,,,,,,,,,,,,,,,,,,,,,,,,,,,,,,,,,,,,,,,,,,,,,,,,,,,,,,,,,,Rest,Rest,Rest,Rest,Rest,Rest,Rest,Rest,Over 5 m,Over 5 m,Over 5 m,Over 5 m,Over 5 m,Over 5 m,Over 5 m,Over 5 m,Less than 2 m,Less than 2 m,Less than 2 m,Less than 2 m,Less than 2 m,Less than 2 m,Less than 2 m,Less than 2 m,Less than 2 m,Less than 2 m,Over 5 m,Over 5 m,Over 5 m,Over 5 m,Over 5 m,Over 5 m,2-5 m,2-5 m,2-5 m,2-5 m,2-5 m,2-5 m,2-5 m,2-5 m,,,,,,,,,,07/23/2026 16:23:59,,methall@wisc.edu
07/23/2026 11:11 AM,Delilah,Sunny,92,,,,,,,,,,,,,,,,,,,,,,,,,,,,,,,,,,,,,,,,,,,,,,,,,,,,,,,,,,,,,,,,,,,,,,,,,,,,,,,,,,,,,,,,,,,,,,,,,,,,,,,,,,,,,,,,,,,,,,,,,,,,,,,,,Rest,Rest,Rest,Rest,Rest,Rest,Rest,Rest,,,,,,,,,2-5 m,2-5 m,2-5 m,2-5 m,2-5 m,2-5 m,2-5 m,2-5 m,2-5 m,2-5 m,2-5 m,2-5 m,2-5 m,2-5 m,2-5 m,2-5 m,2-5 m,2-5 m,2-5 m,2-5 m,2-5 m,2-5 m,2-5 m,2-5 m,Less than 2 m,Less than 2 m,Less than 2 m,Less than 2 m,Less than 2 m,Less than 2 m,Less than 2 m,Less than 2 m,,07/23/2026 16:23:58,,methall@wisc.edu
07/23/2026 10:55 AM,Pearl Hart,Sunny,92,217,222,Stress-Related - Self-groom,,232,236,Agonistic - Displace,Charlie Brown,240,258,Stress-Related - Self-groom,,305,340,Stress-Related - Self-groom,,457,459,Stress-Related - Vigilance,,543,548,Stress-Related - Vigilance,,636,639,Stress-Related - Self-groom,,639,642,Stress-Related - Vigilance,,652,800,Affiliative - Contact sit,Janis Joplin,1148,1155,Affiliative - Greet,Laurel,1411,1421,Stress-Related - Vigilance,,1424,1444,Affiliative - Give grooming,Janis Joplin,,,,,,,,,,,,,,,,,,,,,,,,,,,,,,,,,,,,,,,,,,,,,,,,,,,,,,,,,,,,,,,,,,,,,,,,,,,,,,,,,Rest,Rest,Rest,Rest,Rest,Rest,Other,Rest,2-5 m,2-5 m,Over 5 m,Over 5 m,Less than 2 m,Less than 2 m,Less than 2 m,Less than 2 m,2-5 m,2-5 m,2-5 m,2-5 m,2-5 m,2-5 m,2-5 m,2-5 m,,,,,,,,,2-5 m,2-5 m,Over 5 m,Over 5 m,Less than 2 m,Less than 2 m,Less than 2 m,2-5 m,2-5 m,2-5 m,2-5 m,2-5 m,Body contact,Less than 2 m,Less than 2 m,Less than 2 m,Janis lightly pushed laurel away when she went to see pearl,07/23/2026 16:23:56,,methall@wisc.edu
07/23/2026 10:39 AM,Laurel,Sunny,92,33,36,Stress-Related - Self-scratch,,36,39,Stress-Related - Head throw-back,,39,50,Stress-Related - Self-groom,,534,541,Stress-Related - Self-groom,,615,717,Affiliative - Contact sit,Janis Joplin,617,705,Affiliative - Mutual grooming,Janis Joplin,728,949,Affiliative - Contact sit,Janis Joplin,849,945,Stress-Related - Vigilance,,,,,,,,,,,,,,,,,,,,,,,,,,,,,,,,,,,,,,,,,,,,,,,,,,,,,,,,,,,,,,,,,,,,,,,,,,,,,,,,,,,,,,,,,,,,,,,,,,Rest,Rest,Rest,Other,Rest,Rest,Rest,Rest,Less than 2 m,Less than 2 m,Less than 2 m,Less than 2 m,Less than 2 m,Less than 2 m,Less than 2 m,Less than 2 m,Over 5 m,Over 5 m,Over 5 m,Over 5 m,Over 5 m,Over 5 m,2-5 m,2-5 m,2-5 m,2-5 m,2-5 m,2-5 m,2-5 m,2-5 m,2-5 m,2-5 m,,,,,,,,,2-5 m,2-5 m,2-5 m,Less than 2 m,Body contact,Less than 2 m,Less than 2 m,Less than 2 m,,07/23/2026 16:23:55,,methall@wisc.edu
07/23/2026 10:23 AM,Janis Joplin,Sunny,92,0,252,Affiliative - Contact sit,Pearl Hart,150,203,Stress-Related - Vigilance,,210,221,Stress-Related - Vigilance,,419,425,Stress-Related - Self-groom,,431,443,Stress-Related - Self-groom,,1112,1118,Stress-Related - Vigilance,,,,,,,,,,,,,,,,,,,,,,,,,,,,,,,,,,,,,,,,,,,,,,,,,,,,,,,,,,,,,,,,,,,,,,,,,,,,,,,,,,,,,,,,,,,,,,,,,,,,,,,,,,Rest,Other,Rest,Rest,Rest,Rest,Rest,Rest,2-5 m,2-5 m,2-5 m,2-5 m,2-5 m,2-5 m,2-5 m,2-5 m,Less than 2 m,Less than 2 m,Less than 2 m,2-5 m,2-5 m,2-5 m,2-5 m,2-5 m,Body contact,Body contact,Less than 2 m,Less than 2 m,Less than 2 m,Less than 2 m,Less than 2 m,Less than 2 m,2-5 m,2-5 m,2-5 m,2-5 m,2-5 m,2-5 m,2-5 m,2-5 m,,,,,,,,,,07/23/2026 16:23:53,,methall@wisc.edu
07/22/2026 10:45 AM,Delilah,Cloudy,87,549,617,Stress-Related - Self-groom,,628,635,Affiliative - Greet,Janis Joplin,645,846,Affiliative - Contact sit,Janis Joplin,647,844,Affiliative - Mutual grooming,Janis Joplin,1018,1026,Stress-Related - Self-groom,,1038,1043,Stress-Related - Self-groom,,1051,1109,Stress-Related - Self-groom,,1114,1213,Stress-Related - Self-groom,,1225,1310,Stress-Related - Self-groom,,1353,1450,Stress-Related - Vigilance,,,,,,,,,,,,,,,,,,,,,,,,,,,,,,,,,,,,,,,,,,,,,,,,,,,,,,,,,,,,,,,,,,,,,,,,,,,,,,,,,,,,,,,,,,Rest,Rest,Rest,Other,Social,Rest,Other,Other,,,,,,,,,2-5 m,2-5 m,2-5 m,2-5 m,2-5 m,2-5 m,2-5 m,2-5 m,2-5 m,2-5 m,2-5 m,2-5 m,2-5 m,Less than 2 m,Less than 2 m,Less than 2 m,2-5 m,2-5 m,2-5 m,2-5 m,Less than 2 m,Less than 2 m,Less than 2 m,Less than 2 m,Less than 2 m,Less than 2 m,Less than 2 m,Less than 2 m,Body contact,Less than 2 m,Less than 2 m,2-5 m,,07/22/2026 11:07:11,,methall@wisc.edu
07/22/2026 10:30 AM,Pearl Hart,Sunny,87,0,1451,Affiliative - Contact sit,Charlie Brown,0,217,Affiliative - Mutual grooming,Charlie Brown,1211,1214,Stress-Related - Self-scratch,,1226,1420,Affiliative - Mutual grooming,Charlie Brown,1420,1500,Stress-Related - Self-groom,,,,,,,,,,,,,,,,,,,,,,,,,,,,,,,,,,,,,,,,,,,,,,,,,,,,,,,,,,,,,,,,,,,,,,,,,,,,,,,,,,,,,,,,,,,,,,,,,,,,,,,,,,,,,,Social,Social,Rest,Rest,Rest,Rest,Rest,Social,2-5 m,2-5 m,2-5 m,2-5 m,2-5 m,2-5 m,2-5 m,2-5 m,Body contact,Body contact,Body contact,Body contact,Body contact,Body contact,Body contact,Body contact,,,,,,,,,2-5 m,2-5 m,2-5 m,2-5 m,2-5 m,2-5 m,2-5 m,2-5 m,2-5 m,2-5 m,2-5 m,2-5 m,2-5 m,2-5 m,2-5 m,2-5 m,,07/22/2026 11:07:09,,methall@wisc.edu
07/22/2026 10:16 AM,Janis Joplin,Sunny,87,49,54,Stress-Related - Vigilance,,613,617,Stress-Related - Self-groom,,621,626,Stress-Related - Self-scratch,,626,630,Stress-Related - Self-groom,,630,634,Stress-Related - Self-scratch,,644,654,Affiliative - Receive grooming,Pearl Hart,652,734,Affiliative - Contact sit,Pearl Hart,654,734,Affiliative - Mutual grooming,Pearl Hart,750,811,Stress-Related - Self-groom,,822,930,Stress-Related - Self-groom,,930,946,Stress-Related - Vigilance,,946,1132,Stress-Related - Self-groom,,,,,,,,,,,,,,,,,,,,,,,,,,,,,,,,,,,,,,,,,,,,,,,,,,,,,,,,,,,,,,,,,,,,,,,,,,,,,,,,,,Rest,Rest,Rest,Rest,Other,Other,Rest,Rest,2-5 m,2-5 m,2-5 m,2-5 m,Less than 2 m,Less than 2 m,Less than 2 m,Less than 2 m,2-5 m,Over 5 m,Over 5 m,Over 5 m,Over 5 m,2-5 m,2-5 m,2-5 m,Less than 2 m,Less than 2 m,Less than 2 m,Less than 2 m,2-5 m,2-5 m,2-5 m,2-5 m,2-5 m,2-5 m,2-5 m,2-5 m,Less than 2 m,Less than 2 m,Less than 2 m,Less than 2 m,,,,,,,,,,07/22/2026 11:07:06,,methall@wisc.edu
07/22/2026 09:58 AM,Laurel,Sunny,88,0,346,Affiliative - Contact sit,Pearl Hart,0,21,Stress-Related - Self-groom,,27,33,Affiliative - Give grooming,Pearl Hart,45,237,Affiliative - Receive grooming,Janis Joplin,243,249,Affiliative - Give grooming,Janis Joplin,256,311,Affiliative - Receive grooming,Janis Joplin,311,408,Affiliative - Mutual grooming,Janis Joplin,342,408,Affiliative - Contact sit,Janis Joplin,422,453,Stress-Related - Self-groom,,456,535,Stress-Related - Vigilance,,537,558,Stress-Related - Self-groom,,558,718,Stress-Related - Vigilance,,1257,1303,Stress-Related - Self-groom,,1330,1500,Stress-Related - Vigilance,,,,,,,,,,,,,,,,,,,,,,,,,,,,,,,,,,,,,,,,,,,,,,,,,,,,,,,,,,,,,,,,,,,,,,,,,,Other,Social,Social,Other,Rest,Rest,Rest,Other,2-5 m,2-5 m,2-5 m,2-5 m,2-5 m,2-5 m,2-5 m,2-5 m,2-5 m,2-5 m,2-5 m,2-5 m,2-5 m,2-5 m,2-5 m,2-5 m,Body contact,Body contact,Less than 2 m,Less than 2 m,Less than 2 m,Less than 2 m,Less than 2 m,2-5 m,,,,,,,,,Less than 2 m,Body contact,Body contact,Less than 2 m,Less than 2 m,Less than 2 m,Less than 2 m,2-5 m,,07/22/2026 11:07:03,,methall@wisc.edu
07/16/2026 10:41 AM,Pearl Hart,Sunny,85,0,600,Affiliative - Contact sit,Janis Joplin,27,450,Affiliative - Mutual grooming,Janis Joplin,451,503,Affiliative - Receive grooming,Janis Joplin,504,557,Affiliative - Mutual grooming,Janis Joplin,723,806,Stress-Related - Vigilance,,1113,1250,Stress-Related - Self-groom,,1302,1349,Stress-Related - Self-groom,,1359,1500,Affiliative - Contact sit,Janis Joplin,1408,1426,Stress-Related - Self-groom,,,,,,,,,,,,,,,,,,,,,,,,,,,,,,,,,,,,,,,,,,,,,,,,,,,,,,,,,,,,,,,,,,,,,,,,,,,,,,,,,,,,,,,,,,,,,,Rest,Social,Social,Other,Other,Rest,Other,Other,Over 5 m,Over 5 m,Over 5 m,Over 5 m,Over 5 m,Over 5 m,Over 5 m,Over 5 m,Over 5 m,Over 5 m,Over 5 m,Over 5 m,Over 5 m,Over 5 m,Over 5 m,Over 5 m,,,,,,,,,Over 5 m,Over 5 m,Over 5 m,Over 5 m,Over 5 m,Over 5 m,Over 5 m,Over 5 m,Body contact,Body contact,Body contact,Body contact,Less than 2 m,Less than 2 m,Less than 2 m,Body contact,,07/17/2026 11:47:07,,methall@wisc.edu
07/16/2026 03:19 PM,Pearl Hart,Sunny,96,807,851,Affiliative - Receive grooming,Janis Joplin,912,919,Affiliative - Receive grooming,Janis Joplin,930,954,Affiliative - Receive grooming,Janis Joplin,956,1002,Stress-Related - Self-groom,,1020,1026,Stress-Related - Self-groom,,1150,1206,Stress-Related - Vigilance,,,,,,,,,,,,,,,,,,,,,,,,,,,,,,,,,,,,,,,,,,,,,,,,,,,,,,,,,,,,,,,,,,,,,,,,,,,,,,,,,,,,,,,,,,,,,,,,,,,,,,,,,,Rest,Rest,Rest,Rest,Rest,Other,Other,Rest,2-5 m,2-5 m,2-5 m,2-5 m,2-5 m,2-5 m,Less than 2 m,Less than 2 m,Over 5 m,Over 5 m,Over 5 m,Over 5 m,Over 5 m,Over 5 m,Over 5 m,Over 5 m,,,,,,,,,2-5 m,2-5 m,2-5 m,2-5 m,2-5 m,2-5 m,Less than 2 m,2-5 m,2-5 m,2-5 m,2-5 m,2-5 m,Less than 2 m,Less than 2 m,Less than 2 m,Less than 2 m,,07/16/2026 15:44:28,,methall@wisc.edu
07/16/2026 03:09 PM,Delilah,Sunny,96,,,,,,,,,,,,,,,,,,,,,,,,,,,,,,,,,,,,,,,,,,,,,,,,,,,,,,,,,,,,,,,,,,,,,,,,,,,,,,,,,,,,,,,,,,,,,,,,,,,,,,,,,,,,,,,,,,,,,,,,,,,,,,,,,Rest,Rest,Rest,Rest,Rest,Rest,Rest,Rest,,,,,,,,,Over 5 m,Over 5 m,Over 5 m,Over 5 m,Over 5 m,Over 5 m,Over 5 m,Over 5 m,Over 5 m,Over 5 m,Over 5 m,Over 5 m,Over 5 m,Over 5 m,Over 5 m,2-5 m,Less than 2 m,Less than 2 m,Less than 2 m,Less than 2 m,Less than 2 m,Less than 2 m,Less than 2 m,Less than 2 m,Less than 2 m,Less than 2 m,Less than 2 m,Less than 2 m,Less than 2 m,Less than 2 m,Less than 2 m,Less than 2 m,,07/16/2026 15:44:26,,methall@wisc.edu
07/16/2026 02:54 PM,Janis Joplin,Sunny,94,103,106,Stress-Related - Vigilance,,120,126,Stress-Related - Self-groom,,133,141,Stress-Related - Vigilance,,145,228,Stress-Related - Self-groom,,229,231,Stress-Related - Yawn,,232,246,Stress-Related - Self-groom,,246,307,Affiliative - Contact sit,Pearl Hart,248,306,Affiliative - Mutual grooming,Pearl Hart,402,427,Stress-Related - Self-groom,,440,510,Stress-Related - Vigilance,,,,,,,,,,,,,,,,,,,,,,,,,,,,,,,,,,,,,,,,,,,,,,,,,,,,,,,,,,,,,,,,,,,,,,,,,,,,,,,,,,,,,,,,,,Rest,Other,Other,Rest,Rest,Rest,Rest,Rest,2-5 m,2-5 m,Less than 2 m,Less than 2 m,Less than 2 m,Less than 2 m,Less than 2 m,Less than 2 m,Over 5 m,Over 5 m,Over 5 m,Over 5 m,Over 5 m,Over 5 m,Over 5 m,Over 5 m,2-5 m,2-5 m,Less than 2 m,2-5 m,2-5 m,2-5 m,2-5 m,Over 5 m,Less than 2 m,2-5 m,Less than 2 m,Less than 2 m,Less than 2 m,Less than 2 m,Less than 2 m,Less than 2 m,,,,,,,,,,07/16/2026 15:44:25,,methall@wisc.edu
07/16/2026 02:39 PM,Laurel,Sunny,94,444,505,Stress-Related - Self-groom,,,,,,,,,,,,,,,,,,,,,,,,,,,,,,,,,,,,,,,,,,,,,,,,,,,,,,,,,,,,,,,,,,,,,,,,,,,,,,,,,,,,,,,,,,,,,,,,,,,,,,,,,,,,,,,,,,,,,,,,,,,,,,Rest,Rest,Rest,Rest,Rest,Rest,Rest,Rest,2-5 m,2-5 m,2-5 m,2-5 m,2-5 m,2-5 m,Less than 2 m,Less than 2 m,Over 5 m,Over 5 m,Over 5 m,Over 5 m,Over 5 m,Over 5 m,Over 5 m,Over 5 m,Less than 2 m,Less than 2 m,Less than 2 m,Less than 2 m,Less than 2 m,Less than 2 m,Less than 2 m,Less than 2 m,,,,,,,,,Less than 2 m,Less than 2 m,Less than 2 m,Less than 2 m,Less than 2 m,Less than 2 m,Less than 2 m,Less than 2 m,,07/16/2026 15:44:23,,methall@wisc.edu
07/16/2026 02:21 PM,Pearl Hart,Sunny,94,136,139,Stress-Related - Vigilance,,139,146,Stress-Related - Self-groom,,429,431,Affiliative - Greet,Laurel,1242,1253,Stress-Related - Self-groom,,1318,1327,Stress-Related - Self-groom,,1333,1335,Stress-Related - Yawn,,,,,,,,,,,,,,,,,,,,,,,,,,,,,,,,,,,,,,,,,,,,,,,,,,,,,,,,,,,,,,,,,,,,,,,,,,,,,,,,,,,,,,,,,,,,,,,,,,,,,,,,,,Rest,Rest,Rest,Rest,Rest,Rest,Rest,Rest,2-5 m,2-5 m,2-5 m,2-5 m,2-5 m,2-5 m,2-5 m,2-5 m,Over 5 m,Over 5 m,Over 5 m,Over 5 m,Over 5 m,Over 5 m,Over 5 m,Over 5 m,,,,,,,,,Less than 2 m,Less than 2 m,Less than 2 m,Less than 2 m,Less than 2 m,Less than 2 m,Less than 2 m,Less than 2 m,Less than 2 m,Less than 2 m,Less than 2 m,Less than 2 m,Less than 2 m,Less than 2 m,Less than 2 m,Less than 2 m,,07/16/2026 15:44:20,,methall@wisc.edu
07/16/2026 02:06 PM,Delilah,Sunny,94,0,57,Affiliative - Give grooming,Pearl Hart,1144,1215,Stress-Related - Self-groom,,,,,,,,,,,,,,,,,,,,,,,,,,,,,,,,,,,,,,,,,,,,,,,,,,,,,,,,,,,,,,,,,,,,,,,,,,,,,,,,,,,,,,,,,,,,,,,,,,,,,,,,,,,,,,,,,,,,,,,,,,Social,Rest,Rest,Rest,Rest,Rest,Other,Rest,,,,,,,,,2-5 m,2-5 m,2-5 m,2-5 m,2-5 m,2-5 m,2-5 m,2-5 m,Body contact,Less than 2 m,Less than 2 m,Less than 2 m,2-5 m,2-5 m,2-5 m,2-5 m,2-5 m,2-5 m,2-5 m,2-5 m,2-5 m,2-5 m,2-5 m,2-5 m,2-5 m,2-5 m,2-5 m,2-5 m,2-5 m,2-5 m,2-5 m,2-5 m,,07/16/2026 15:44:17,,methall@wisc.edu
07/16/2026 11:51 AM,Laurel,Sunny,90,800,818,Stress-Related - Self-groom,,,,,,,,,,,,,,,,,,,,,,,,,,,,,,,,,,,,,,,,,,,,,,,,,,,,,,,,,,,,,,,,,,,,,,,,,,,,,,,,,,,,,,,,,,,,,,,,,,,,,,,,,,,,,,,,,,,,,,,,,,,,,,Rest,Rest,Rest,Rest,Other,Rest,Rest,Rest,Over 5 m,Over 5 m,Over 5 m,Over 5 m,Over 5 m,Over 5 m,Over 5 m,Over 5 m,Over 5 m,Over 5 m,Over 5 m,Over 5 m,Over 5 m,Over 5 m,Over 5 m,Over 5 m,2-5 m,2-5 m,2-5 m,2-5 m,2-5 m,2-5 m,2-5 m,2-5 m,,,,,,,,,2-5 m,2-5 m,2-5 m,2-5 m,2-5 m,2-5 m,2-5 m,2-5 m,,07/16/2026 15:44:16,,methall@wisc.edu
07/16/2026 11:36 AM,Pearl Hart,Sunny,90,0,222,Affiliative - Give grooming,Janis Joplin,248,939,Affiliative - Contact sit,Janis Joplin,735,745,Stress-Related - Vigilance,,848,852,Stress-Related - Vigilance,,950,1123,Stress-Related - Self-groom,,,,,,,,,,,,,,,,,,,,,,,,,,,,,,,,,,,,,,,,,,,,,,,,,,,,,,,,,,,,,,,,,,,,,,,,,,,,,,,,,,,,,,,,,,,,,,,,,,,,,,,,,,,,,,Social,Social,Rest,Rest,Rest,Other,Rest,Rest,Over 5 m,Over 5 m,Over 5 m,Over 5 m,Over 5 m,Over 5 m,Over 5 m,Over 5 m,Over 5 m,Over 5 m,Over 5 m,Over 5 m,Over 5 m,Over 5 m,Over 5 m,Over 5 m,,,,,,,,,Over 5 m,Over 5 m,Over 5 m,Over 5 m,2-5 m,2-5 m,2-5 m,2-5 m,Body contact,Body contact,Body contact,Body contact,Body contact,Less than 2 m,Less than 2 m,Less than 2 m,,07/16/2026 15:44:14,,methall@wisc.edu
07/16/2026 11:20 AM,Delilah,Sunny,90,,,,,,,,,,,,,,,,,,,,,,,,,,,,,,,,,,,,,,,,,,,,,,,,,,,,,,,,,,,,,,,,,,,,,,,,,,,,,,,,,,,,,,,,,,,,,,,,,,,,,,,,,,,,,,,,,,,,,,,,,,,,,,,,,Rest,Rest,Rest,Rest,Rest,Rest,Rest,Rest,,,,,,,,,2-5 m,2-5 m,2-5 m,2-5 m,2-5 m,2-5 m,2-5 m,2-5 m,Over 5 m,Over 5 m,Over 5 m,Over 5 m,Over 5 m,Over 5 m,Over 5 m,Over 5 m,Over 5 m,Over 5 m,Over 5 m,Over 5 m,Over 5 m,Over 5 m,Over 5 m,Over 5 m,Over 5 m,Over 5 m,Over 5 m,Over 5 m,Over 5 m,Over 5 m,Over 5 m,Over 5 m,,07/16/2026 15:44:12,,methall@wisc.edu
07/16/2026 11:06 AM,Janis Joplin,Sunny,88,0,1500,Affiliative - Contact sit,Pearl Hart,736,1039,Affiliative - Mutual grooming,Pearl Hart,,,,,,,,,,,,,,,,,,,,,,,,,,,,,,,,,,,,,,,,,,,,,,,,,,,,,,,,,,,,,,,,,,,,,,,,,,,,,,,,,,,,,,,,,,,,,,,,,,,,,,,,,,,,,,,,,,,,,,,,,Rest,Rest,Rest,Rest,Social,Social,Rest,Rest,Over 5 m,Over 5 m,Over 5 m,Over 5 m,Over 5 m,Over 5 m,Over 5 m,Over 5 m,Over 5 m,Over 5 m,Over 5 m,Over 5 m,Over 5 m,Over 5 m,Over 5 m,Over 5 m,Body contact,Body contact,Body contact,Body contact,Body contact,Body contact,Body contact,Body contact,Over 5 m,Over 5 m,Over 5 m,Over 5 m,Over 5 m,Over 5 m,Over 5 m,Over 5 m,,,,,,,,,,07/16/2026 15:44:10,,methall@wisc.edu
07/16/2026 10:55 AM,Laurel,Sunny,87,956,958,Stress-Related - Yawn,,1004,1030,Stress-Related - Vigilance,,1032,1045,Stress-Related - Self-groom,,1046,1048,Stress-Related - Yawn,,,,,,,,,,,,,,,,,,,,,,,,,,,,,,,,,,,,,,,,,,,,,,,,,,,,,,,,,,,,,,,,,,,,,,,,,,,,,,,,,,,,,,,,,,,,,,,,,,,,,,,,,,,,,,,,,,Rest,Rest,Rest,Rest,Rest,Other,Rest,Rest,Over 5 m,Over 5 m,Over 5 m,Over 5 m,Over 5 m,Over 5 m,Over 5 m,Over 5 m,Over 5 m,Over 5 m,Over 5 m,Over 5 m,Over 5 m,Over 5 m,Over 5 m,Over 5 m,Over 5 m,Over 5 m,Over 5 m,Over 5 m,Over 5 m,Over 5 m,Over 5 m,Over 5 m,,,,,,,,,Over 5 m,Over 5 m,Over 5 m,Over 5 m,2-5 m,Over 5 m,Over 5 m,Over 5 m,,07/16/2026 15:44:08,,methall@wisc.edu
07/16/2026 10:30 AM,Delilah,Sunny,85,1200,1224,Stress-Related - Vigilance,,1224,1229,Stress-Related - Self-scratch,,,,,,,,,,,,,,,,,,,,,,,,,,,,,,,,,,,,,,,,,,,,,,,,,,,,,,,,,,,,,,,,,,,,,,,,,,,,,,,,,,,,,,,,,,,,,,,,,,,,,,,,,,,,,,,,,,,,,,,,,,Rest,Rest,Rest,Rest,Rest,Rest,Other,Rest,,,,,,,,,Over 5 m,Over 5 m,Over 5 m,Over 5 m,Over 5 m,Over 5 m,Over 5 m,Over 5 m,Over 5 m,Over 5 m,Over 5 m,Over 5 m,Over 5 m,Over 5 m,Over 5 m,Over 5 m,Over 5 m,Over 5 m,Over 5 m,Over 5 m,Over 5 m,Over 5 m,Over 5 m,Over 5 m,Over 5 m,Over 5 m,Over 5 m,Over 5 m,Over 5 m,Over 5 m,Over 5 m,Over 5 m,,07/16/2026 12:17:10,,methall@wisc.edu
07/16/2026 10:15 AM,Janis Joplin,Sunny,85,0,237,Stress-Related - Self-groom,,238,246,Stress-Related - Self-scratch,,,,,,,,,,,,,,,,,,,,,,,,,,,,,,,,,,,,,,,,,,,,,,,,,,,,,,,,,,,,,,,,,,,,,,,,,,,,,,,,,,,,,,,,,,,,,,,,,,,,,,,,,,,,,,,,,,,,,,,,,,Other,Other,Rest,Rest,Rest,Rest,Rest,Rest,2-5 m,2-5 m,2-5 m,2-5 m,Over 5 m,Over 5 m,Over 5 m,Over 5 m,Over 5 m,Over 5 m,Over 5 m,Over 5 m,Over 5 m,Over 5 m,Over 5 m,Over 5 m,2-5 m,2-5 m,2-5 m,2-5 m,Less than 2 m,Less than 2 m,Less than 2 m,Less than 2 m,Over 5 m,Over 5 m,Over 5 m,Over 5 m,Over 5 m,Over 5 m,Over 5 m,Over 5 m,,,,,,,,,,07/16/2026 12:17:08,,methall@wisc.edu
07/09/2026 01:05 PM,Laurel,Sunny,95,236,302,Stress-Related - Self-groom,,306,348,Affiliative - Contact sit,Charlie Brown,319,339,Affiliative - Mutual grooming,Charlie Brown,350,410,Affiliative - Mutual grooming,Charlie Brown,410,427,Affiliative - Give grooming,Charlie Brown,427,506,Affiliative - Mutual grooming,Charlie Brown,,,,,,,,,,,,,,,,,,,,,,,,,,,,,,,,,,,,,,,,,,,,,,,,,,,,,,,,,,,,,,,,,,,,,,,,,,,,,,,,,,,,,,,,,,,,,,,,,,,,,,,,,Rest,Rest,Social,Rest,Rest,Rest,Rest,Rest,2-5 m,2-5 m,2-5 m,2-5 m,2-5 m,2-5 m,Over 5 m,Over 5 m,Less than 2 m,Less than 2 m,Body contact,2-5 m,2-5 m,2-5 m,2-5 m,2-5 m,2-5 m,2-5 m,2-5 m,2-5 m,2-5 m,2-5 m,2-5 m,2-5 m,,,,,,,,,2-5 m,Less than 2 m,Less than 2 m,2-5 m,2-5 m,2-5 m,2-5 m,2-5 m,,07/10/2026 11:59:37,,methall@wisc.edu
07/09/2026 01:19 PM,Pearl Hart,Sunny,95,45,54,Stress-Related - Vigilance,,54,101,Stress-Related - Self-groom,,443,502,Stress-Related - Vigilance,,503,516,Stress-Related - Self-groom,,517,525,Stress-Related - Vigilance,,1020,1045,Stress-Related - Vigilance,,1115,1128,Stress-Related - Self-groom,,1128,1138,Stress-Related - Vigilance,,1142,1152,Stress-Related - Self-groom,,,,,,,,,,,,,,,,,,,,,,,,,,,,,,,,,,,,,,,,,,,,,,,,,,,,,,,,,,,,,,,,,,,,,,,,,,,,,,,,,,,,,,,,,,,,,,Rest,Rest,Rest,Other,Other,Rest,Rest,Rest,2-5 m,2-5 m,2-5 m,2-5 m,2-5 m,2-5 m,2-5 m,Over 5 m,Less than 2 m,Less than 2 m,Less than 2 m,2-5 m,2-5 m,2-5 m,2-5 m,2-5 m,,,,,,,,,2-5 m,2-5 m,2-5 m,2-5 m,2-5 m,2-5 m,2-5 m,2-5 m,Less than 2 m,Less than 2 m,Less than 2 m,Less than 2 m,Less than 2 m,Less than 2 m,Less than 2 m,Less than 2 m,,07/09/2026 14:45:24,,methall@wisc.edu
07/09/2026 12:50 PM,Janis Joplin,Sunny,95,0,240,Affiliative - Contact sit,Charlie Brown,242,246,Stress-Related - Self-scratch,,259,357,Affiliative - Give grooming,Delilah,1339,1355,Affiliative - Receive grooming,Pearl Hart,1355,1358,Stress-Related - Yawn,,1451,1500,Affiliative - Contact sit,Delilah,,,,,,,,,,,,,,,,,,,,,,,,,,,,,,,,,,,,,,,,,,,,,,,,,,,,,,,,,,,,,,,,,,,,,,,,,,,,,,,,,,,,,,,,,,,,,,,,,,,,,,,,,Rest,Rest,Rest,Rest,Rest,Rest,Rest,Rest,Less than 2 m,Less than 2 m,Less than 2 m,Less than 2 m,Less than 2 m,Less than 2 m,Less than 2 m,Less than 2 m,Body contact,Body contact,Less than 2 m,Less than 2 m,Less than 2 m,Less than 2 m,Less than 2 m,Less than 2 m,Less than 2 m,Less than 2 m,Less than 2 m,Less than 2 m,Less than 2 m,Less than 2 m,Less than 2 m,Less than 2 m,2-5 m,2-5 m,2-5 m,2-5 m,2-5 m,2-5 m,Less than 2 m,2-5 m,,,,,,,,,,07/09/2026 13:44:39,,methall@wisc.edu
07/09/2026 12:39 PM,Delilah,Sunny,95,0,1500,Affiliative - Contact sit,Delilah,,,,,,,,,,,,,,,,,,,,,,,,,,,,,,,,,,,,,,,,,,,,,,,,,,,,,,,,,,,,,,,,,,,,,,,,,,,,,,,,,,,,,,,,,,,,,,,,,,,,,,,,,,,,,,,,,,,,,,,,,,,,,Rest,Rest,Rest,Rest,Rest,Rest,Rest,Rest,,,,,,,,,Less than 2 m,Less than 2 m,Less than 2 m,Less than 2 m,Less than 2 m,Less than 2 m,Less than 2 m,Less than 2 m,Body contact,Body contact,Body contact,Body contact,Body contact,Body contact,Body contact,Body contact,Over 5 m,Over 5 m,Over 5 m,Over 5 m,Over 5 m,Over 5 m,Over 5 m,Over 5 m,Less than 2 m,Less than 2 m,Less than 2 m,Less than 2 m,Less than 2 m,Less than 2 m,Less than 2 m,Less than 2 m,,07/09/2026 13:44:38,,methall@wisc.edu
07/09/2026 12:29 PM,Pearl Hart,Sunny,95,,,,,,,,,,,,,,,,,,,,,,,,,,,,,,,,,,,,,,,,,,,,,,,,,,,,,,,,,,,,,,,,,,,,,,,,,,,,,,,,,,,,,,,,,,,,,,,,,,,,,,,,,,,,,,,,,,,,,,,,,,,,,,,,,Rest,Rest,Rest,Rest,Rest,Rest,Rest,Rest,Less than 2 m,Less than 2 m,Less than 2 m,Less than 2 m,Less than 2 m,Less than 2 m,Less than 2 m,Less than 2 m,Less than 2 m,Less than 2 m,Less than 2 m,Less than 2 m,Less than 2 m,Less than 2 m,Less than 2 m,Less than 2 m,,,,,,,,,Over 5 m,Over 5 m,Over 5 m,Over 5 m,Over 5 m,2-5 m,Over 5 m,Over 5 m,Less than 2 m,Less than 2 m,Less than 2 m,Less than 2 m,Less than 2 m,Less than 2 m,Less than 2 m,Less than 2 m,,07/09/2026 13:44:37,,methall@wisc.edu
07/09/2026 12:15 PM,Laurel,Sunny,95,647,650,Stress-Related - Yawn,,756,802,Stress-Related - Self-groom,,,,,,,,,,,,,,,,,,,,,,,,,,,,,,,,,,,,,,,,,,,,,,,,,,,,,,,,,,,,,,,,,,,,,,,,,,,,,,,,,,,,,,,,,,,,,,,,,,,,,,,,,,,,,,,,,,,,,,,,,,Rest,Rest,Rest,Rest,Other,Rest,Rest,Rest,Over 5 m,Over 5 m,Over 5 m,Over 5 m,Over 5 m,Over 5 m,Over 5 m,Over 5 m,Over 5 m,Over 5 m,Over 5 m,Over 5 m,Over 5 m,Over 5 m,Over 5 m,Over 5 m,Over 5 m,Over 5 m,Over 5 m,Over 5 m,Over 5 m,Over 5 m,Over 5 m,Over 5 m,,,,,,,,,Over 5 m,Over 5 m,Over 5 m,Over 5 m,Over 5 m,Over 5 m,Over 5 m,Over 5 m,,07/09/2026 13:44:35,,methall@wisc.edu
07/09/2026 10:57 AM,Janis Joplin,Sunny,87,1134,1150,Stress-Related - Self-groom,,,,,,,,,,,,,,,,,,,,,,,,,,,,,,,,,,,,,,,,,,,,,,,,,,,,,,,,,,,,,,,,,,,,,,,,,,,,,,,,,,,,,,,,,,,,,,,,,,,,,,,,,,,,,,,,,,,,,,,,,,,,,,Rest,Rest,Rest,Rest,Rest,Rest,Rest,Rest,2-5 m,2-5 m,2-5 m,2-5 m,2-5 m,2-5 m,2-5 m,2-5 m,Less than 2 m,2-5 m,2-5 m,2-5 m,2-5 m,2-5 m,Over 5 m,Over 5 m,Less than 2 m,Less than 2 m,Less than 2 m,Less than 2 m,Less than 2 m,2-5 m,Over 5 m,Over 5 m,2-5 m,2-5 m,2-5 m,2-5 m,2-5 m,2-5 m,2-5 m,2-5 m,,,,,,,,,,07/09/2026 13:44:34,,methall@wisc.edu
07/09/2026 10:46 AM,Delilah,Sunny,87,624,642,Stress-Related - Vigilance,,915,930,Stress-Related - Vigilance,,,,,,,,,,,,,,,,,,,,,,,,,,,,,,,,,,,,,,,,,,,,,,,,,,,,,,,,,,,,,,,,,,,,,,,,,,,,,,,,,,,,,,,,,,,,,,,,,,,,,,,,,,,,,,,,,,,,,,,,,,Rest,Rest,Rest,Rest,Rest,Rest,Rest,Rest,,,,,,,,,2-5 m,2-5 m,2-5 m,2-5 m,2-5 m,2-5 m,2-5 m,2-5 m,2-5 m,2-5 m,2-5 m,2-5 m,2-5 m,2-5 m,2-5 m,2-5 m,2-5 m,2-5 m,2-5 m,2-5 m,2-5 m,Less than 2 m,Less than 2 m,Less than 2 m,2-5 m,2-5 m,2-5 m,2-5 m,2-5 m,2-5 m,2-5 m,2-5 m,,07/09/2026 11:27:19,,methall@wisc.edu
07/09/2026 10:35 AM,Pearl Hart,Sunny,87,0,849,Affiliative - Contact sit,Janis Joplin,504,526,Affiliative - Mutual grooming,Janis Joplin,534,539,Stress-Related - Self-groom,,540,620,Affiliative - Give grooming,Janis Joplin,658,758,Affiliative - Mutual grooming,Janis Joplin,807,834,Affiliative - Receive grooming,Janis Joplin,917,928,Stress-Related - Self-groom,,1130,1208,Stress-Related - Vigilance,,1443,1449,Stress-Related - Self-groom,,1450,1500,Affiliative - Give grooming,Janis Joplin,,,,,,,,,,,,,,,,,,,,,,,,,,,,,,,,,,,,,,,,,,,,,,,,,,,,,,,,,,,,,,,,,,,,,,,,,,,,,,,,,,,,,,,,,Rest,Rest,Rest,Social,Rest,Rest,Other,Rest,2-5 m,2-5 m,2-5 m,2-5 m,2-5 m,2-5 m,2-5 m,2-5 m,2-5 m,2-5 m,2-5 m,2-5 m,2-5 m,2-5 m,2-5 m,2-5 m,,,,,,,,,2-5 m,2-5 m,2-5 m,2-5 m,Over 5 m,Over 5 m,Over 5 m,Over 5 m,Body contact,Body contact,Body contact,Body contact,Body contact,Less than 2 m,Less than 2 m,Less than 2 m,,07/09/2026 11:27:16,,methall@wisc.edu
07/09/2026 10:24 AM,Laurel,Sunny,87,634,727,Affiliative - Receive grooming,Delilah,736,747,Stress-Related - Vigilance,,902,904,Stress-Related - Head throw-back,,1026,1030,Stress-Related - Head throw-back,,,,,,,,,,,,,,,,,,,,,,,,,,,,,,,,,,,,,,,,,,,,,,,,,,,,,,,,,,,,,,,,,,,,,,,,,,,,,,,,,,,,,,,,,,,,,,,,,,,,,,,,,,,,,,,,,,Rest,Rest,Rest,Rest,Rest,Rest,Rest,Rest,Over 5 m,Over 5 m,Over 5 m,Over 5 m,Less than 2 m,Less than 2 m,Less than 2 m,Less than 2 m,Over 5 m,Over 5 m,Over 5 m,Over 5 m,Over 5 m,Over 5 m,Over 5 m,Over 5 m,2-5 m,2-5 m,2-5 m,2-5 m,2-5 m,2-5 m,2-5 m,2-5 m,,,,,,,,,2-5 m,2-5 m,2-5 m,2-5 m,2-5 m,2-5 m,2-5 m,2-5 m,,07/09/2026 11:27:14,,methall@wisc.edu
07/09/2026 10:13 AM,Janis Joplin,Sunny,87,511,528,Stress-Related - Self-groom,,528,534,Stress-Related - Vigilance,,534,554,Stress-Related - Self-groom,,614,631,Stress-Related - Self-groom,,758,802,Stress-Related - Vigilance,,918,1500,Affiliative - Contact sit,Pearl Hart,924,940,Affiliative - Receive grooming,Pearl Hart,943,1107,Affiliative - Mutual grooming,Pearl Hart,1107,1118,Affiliative - Receive grooming,Pearl Hart,1118,1253,Affiliative - Mutual grooming,Pearl Hart,1304,1317,Affiliative - Receive grooming,Pearl Hart,1317,1333,Affiliative - Mutual grooming,Pearl Hart,1333,1339,Affiliative - Receive grooming,Pearl Hart,1349,1415,Affiliative - Mutual grooming,Pearl Hart,1415,1500,Affiliative - Receive grooming,Pearl Hart,,,,,,,,,,,,,,,,,,,,,,,,,,,,,,,,,,,,,,,,,,,,,,,,,,,,,,,,,,,,,,,,,,,,,Rest,Rest,Rest,Rest,Other,Social,Social,Social,Over 5 m,Over 5 m,Over 5 m,Over 5 m,Over 5 m,Over 5 m,Over 5 m,Over 5 m,2-5 m,2-5 m,2-5 m,Less than 2 m,Less than 2 m,2-5 m,2-5 m,Over 5 m,Over 5 m,Over 5 m,Over 5 m,Over 5 m,Less than 2 m,Body contact,Body contact,Body contact,Less than 2 m,Less than 2 m,Less than 2 m,Less than 2 m,Less than 2 m,Less than 2 m,Over 5 m,Over 5 m,,,,,,,,,,07/09/2026 11:27:12,,methall@wisc.edu
07/09/2026 09:57 AM,Delilah,Sunny,87,0,45,Affiliative - Give grooming,Laurel,46,154,Affiliative - Contact sit,Laurel,48,101,Affiliative - Mutual grooming,Laurel,116,120,Affiliative - Give grooming,Laurel,224,231,Stress-Related - Self-scratch,,234,540,Affiliative - Contact sit,Pearl Hart,243,536,Affiliative - Mutual grooming,Pearl Hart,545,815,Affiliative - Contact sit,Charlie Brown,551,607,Affiliative - Mutual grooming,Charlie Brown,607,612,Affiliative - Receive grooming,Charlie Brown,612,740,Affiliative - Mutual grooming,Charlie Brown,740,1109,Stress-Related - Vigilance,,1135,1313,Stress-Related - Vigilance,,,,,,,,,,,,,,,,,,,,,,,,,,,,,,,,,,,,,,,,,,,,,,,,,,,,,,,,,,,,,,,,,,,,,,,,,,,,,,Social,Other,Social,Social,Other,Other,Other,Rest,,,,,,,,,Over 5 m,Over 5 m,Less than 2 m,Body contact,Body contact,Less than 2 m,2-5 m,2-5 m,Over 5 m,Over 5 m,Body contact,Less than 2 m,Less than 2 m,Less than 2 m,2-5 m,2-5 m,Body contact,Less than 2 m,2-5 m,2-5 m,2-5 m,2-5 m,Over 5 m,Over 5 m,Over 5 m,Over 5 m,Over 5 m,Less than 2 m,Less than 2 m,2-5 m,Over 5 m,Over 5 m,,07/09/2026 11:27:11,,methall@wisc.edu
07/08/2026 10:44 AM,Janis Joplin,Sunny,80,816,821,Stress-Related - Self-scratch,,826,829,Stress-Related - Self-scratch,,853,858,Stress-Related - Self-scratch,,901,903,Stress-Related - Self-scratch,,910,930,Stress-Related - Self-groom,,930,940,Stress-Related - Vigilance,,940,948,Stress-Related - Self-groom,,948,956,Stress-Related - Vigilance,,956,1000,Stress-Related - Self-scratch,,1009,1031,Stress-Related - Self-groom,,1031,1042,Stress-Related - Vigilance,,1042,1044,Stress-Related - Self-scratch,,1048,1056,Stress-Related - Self-groom,,1104,1116,Stress-Related - Self-groom,,1116,1121,Stress-Related - Vigilance,,1121,1139,Stress-Related - Self-groom,,1139,1202,Stress-Related - Vigilance,,1202,1208,Stress-Related - Self-scratch,,1208,1228,Stress-Related - Vigilance,,1258,1317,Affiliative - Receive grooming,Delilah,1317,1319,Submission - Be displaced,Pearl Hart,1321,1438,Affiliative - Contact sit,Laurel,1325,1341,Affiliative - Receive grooming,Laurel,1341,1400,Affiliative - Mutual grooming,Laurel,1400,1421,Affiliative - Receive grooming,Laurel,1421,1438,Affiliative - Mutual grooming,Laurel,,,,,,,,,,,,,,,,,,,,,,,,,Rest,Rest,Rest,Rest,Rest,Other,Other,Social,Over 5 m,Over 5 m,Over 5 m,Over 5 m,Over 5 m,2-5 m,Less than 2 m,Less than 2 m,2-5 m,2-5 m,2-5 m,2-5 m,2-5 m,Over 5 m,Over 5 m,Over 5 m,2-5 m,2-5 m,2-5 m,2-5 m,2-5 m,Less than 2 m,Less than 2 m,Less than 2 m,Over 5 m,Over 5 m,Over 5 m,Over 5 m,Over 5 m,2-5 m,Less than 2 m,Body contact,,,,,,,,,,07/08/2026 11:12:48,,methall@wisc.edu
07/08/2026 10:29 AM,Laurel,Sunny,80,328,330,Stress-Related - Head throw-back,,352,354,Stress-Related - Head throw-back,,416,420,Stress-Related - Vigilance,,422,424,Stress-Related - Head throw-back,,432,442,Stress-Related - Self-groom,,503,519,Stress-Related - Self-groom,,519,521,Stress-Related - Head throw-back,,527,529,Stress-Related - Head throw-back,,645,647,Stress-Related - Yawn,,715,719,Stress-Related - Self-groom,,727,729,Stress-Related - Head throw-back,,754,810,Stress-Related - Vigilance,,810,842,Stress-Related - Self-groom,,842,902,Stress-Related - Vigilance,,902,918,Stress-Related - Self-groom,,918,943,Stress-Related - Vigilance,,1129,1202,Stress-Related - Vigilance,,1202,1215,Stress-Related - Self-groom,,1333,1337,Stress-Related - Self-groom,,1345,1349,Stress-Related - Self-scratch,,1351,1405,Stress-Related - Self-groom,,1422,1431,Stress-Related - Self-groom,,,,,,,,,,,,,,,,,,,,,,,,,,,,,,,,,,,,,,,,,,Rest,Rest,Other,Other,Other,Rest,Other,Other,2-5 m,2-5 m,2-5 m,2-5 m,2-5 m,2-5 m,2-5 m,Less than 2 m,Over 5 m,Over 5 m,Over 5 m,Over 5 m,Over 5 m,Over 5 m,Over 5 m,Over 5 m,2-5 m,2-5 m,2-5 m,Over 5 m,Over 5 m,Over 5 m,Over 5 m,Over 5 m,,,,,,,,,2-5 m,2-5 m,Less than 2 m,Over 5 m,Over 5 m,Over 5 m,Over 5 m,Over 5 m,,07/08/2026 11:12:46,,methall@wisc.edu
07/08/2026 10:14 AM,Pearl Hart,Sunny,80,0,38,Stress-Related - Self-groom,,51,111,Stress-Related - Self-groom,,111,116,Stress-Related - Self-scratch,,116,124,Stress-Related - Self-groom,,128,132,Stress-Related - Self-scratch,,143,234,Stress-Related - Self-groom,,241,328,Stress-Related - Self-groom,,337,341,Stress-Related - Self-scratch,,341,350,Stress-Related - Self-groom,,350,357,Stress-Related - Vigilance,,421,515,Stress-Related - Self-groom,,634,700,Stress-Related - Self-groom,,731,752,Stress-Related - Self-groom,,808,813,Stress-Related - Self-groom,,848,855,Stress-Related - Self-groom,,906,910,Stress-Related - Self-groom,,910,929,Stress-Related - Vigilance,,929,940,Stress-Related - Self-groom,,943,1009,Affiliative - Contact sit,Laurel,959,1020,Stress-Related - Vigilance,,1020,1031,Stress-Related - Self-groom,,1059,1117,Stress-Related - Self-groom,,1117,1130,Stress-Related - Vigilance,,1206,1210,Stress-Related - Self-groom,,1210,1220,Stress-Related - Vigilance,,1341,1344,Stress-Related - Vigilance,,1344,1352,Stress-Related - Self-groom,,1352,1407,Stress-Related - Vigilance,,1407,1447,Stress-Related - Self-groom,,1447,1452,Stress-Related - Vigilance,,1452,1457,Stress-Related - Self-scratch,,,,,,Other,Other,Other,Other,Other,Other,Rest,Other,Less than 2 m,2-5 m,2-5 m,Over 5 m,2-5 m,2-5 m,2-5 m,2-5 m,Over 5 m,Less than 2 m,Less than 2 m,2-5 m,Over 5 m,Over 5 m,Over 5 m,Over 5 m,,,,,,,,,2-5 m,Over 5 m,2-5 m,2-5 m,2-5 m,Body contact,Less than 2 m,Less than 2 m,2-5 m,2-5 m,Over 5 m,Over 5 m,Over 5 m,2-5 m,2-5 m,2-5 m,,07/08/2026 11:12:44,,methall@wisc.edu
07/08/2026 09:59 AM,Delilah,Sunny,80,0,8,Stress-Related - Self-groom,,8,14,Stress-Related - Vigilance,,14,32,Stress-Related - Self-groom,,32,105,Stress-Related - Vigilance,,105,114,Stress-Related - Self-groom,,125,136,Stress-Related - Self-groom,,231,242,Stress-Related - Self-groom,,242,309,Stress-Related - Vigilance,,317,320,Affiliative - Greet,Pearl Hart,341,442,Stress-Related - Self-groom,,453,503,Stress-Related - Self-groom,,,,,,,,,,,,,,,,,,,,,,,,,,,,,,,,,,,,,,,,,,,,,,,,,,,,,,,,,,,,,,,,,,,,,,,,,,,,,,,,,,,,,,Other,Other,Other,Rest,Rest,Rest,Rest,Rest,,,,,,,,,Over 5 m,Over 5 m,Over 5 m,2-5 m,2-5 m,Over 5 m,Over 5 m,Over 5 m,2-5 m,2-5 m,2-5 m,2-5 m,2-5 m,2-5 m,2-5 m,Less than 2 m,2-5 m,Over 5 m,2-5 m,2-5 m,2-5 m,2-5 m,2-5 m,2-5 m,2-5 m,2-5 m,Over 5 m,Over 5 m,Over 5 m,Less than 2 m,Less than 2 m,Less than 2 m,,07/08/2026 11:12:41,,methall@wisc.edu
07/01/2026 10:30 AM,Delilah,Sunny,86,0,130,Affiliative - Contact sit,Charlie Brown,11,126,Affiliative - Mutual grooming,Charlie Brown,126,215,Affiliative - Give grooming,Charlie Brown,215,229,Affiliative - Mutual grooming,Charlie Brown,229,316,Affiliative - Receive grooming,Charlie Brown,325,502,Affiliative - Contact sit,Charlie Brown,327,502,Affiliative - Mutual grooming,Charlie Brown,505,508,Submission - Be displaced,Janis Joplin,507,509,Submission - Flee,Janis Joplin,552,558,Stress-Related - Self-groom,,,,,,,,,,,,,,,,,,,,,,,,,,,,,,,,,,,,,,,,,,,,,,,,,,,,,,,,,,,,,,,,,,,,,,,,,,,,,,,,,,,,,,,,,,Rest,Social,Social,Rest,Rest,Rest,Rest,Rest,,,,,,,,,Body contact,Body contact,Body contact,2-5 m,2-5 m,2-5 m,2-5 m,2-5 m,Over 5 m,2-5 m,2-5 m,Less than 2 m,Less than 2 m,Less than 2 m,Less than 2 m,Less than 2 m,Over 5 m,Over 5 m,Over 5 m,Over 5 m,Over 5 m,Over 5 m,Over 5 m,Over 5 m,Over 5 m,Over 5 m,2-5 m,2-5 m,2-5 m,2-5 m,2-5 m,2-5 m,,07/06/2026 12:05:47,,methall@wisc.edu
07/02/2026 02:23 PM,Pearl Hart,Sunny,87,0,530,Affiliative - Contact sit,Janis Joplin,340,358,Affiliative - Mutual grooming,Janis Joplin,358,412,Affiliative - Give grooming,Janis Joplin,412,427,Affiliative - Receive grooming,Janis Joplin,427,524,Affiliative - Mutual grooming,Janis Joplin,634,647,Stress-Related - Vigilance,,1124,1128,Stress-Related - Self-scratch,,1232,1442,Affiliative - Contact sit,Janis Joplin,1246,1250,Stress-Related - Self-scratch,,1442,1500,Stress-Related - Vigilance,,,,,,,,,,,,,,,,,,,,,,,,,,,,,,,,,,,,,,,,,,,,,,,,,,,,,,,,,,,,,,,,,,,,,,,,,,,,,,,,,,,,,,,,,,Rest,Rest,Social,Rest,Rest,Rest,Rest,Rest,2-5 m,2-5 m,2-5 m,2-5 m,2-5 m,2-5 m,2-5 m,2-5 m,2-5 m,2-5 m,2-5 m,2-5 m,Less than 2 m,Less than 2 m,Less than 2 m,Less than 2 m,,,,,,,,,Over 5 m,Over 5 m,Over 5 m,Over 5 m,Over 5 m,Over 5 m,Over 5 m,Over 5 m,Body contact,Body contact,Body contact,Less than 2 m,Less than 2 m,Less than 2 m,Less than 2 m,Body contact,,07/02/2026 16:18:57,,methall@wisc.edu
07/02/2026 02:11 PM,Laurel,Sunny,87,647,759,Stress-Related - Vigilance,,818,837,Stress-Related - Vigilance,,934,1031,Stress-Related - Vigilance,,1107,1116,Stress-Related - Vigilance,,1305,1320,Stress-Related - Vigilance,,1408,1415,Stress-Related - Vigilance,,1421,1425,Stress-Related - Vigilance,,,,,,,,,,,,,,,,,,,,,,,,,,,,,,,,,,,,,,,,,,,,,,,,,,,,,,,,,,,,,,,,,,,,,,,,,,,,,,,,,,,,,,,,,,,,,,,,,,,,,,Rest,Rest,Rest,Rest,Rest,Other,Rest,Rest,2-5 m,2-5 m,2-5 m,2-5 m,2-5 m,2-5 m,2-5 m,2-5 m,2-5 m,2-5 m,2-5 m,2-5 m,2-5 m,2-5 m,2-5 m,2-5 m,Over 5 m,Over 5 m,Over 5 m,Over 5 m,Over 5 m,Over 5 m,Over 5 m,Over 5 m,,,,,,,,,Over 5 m,Over 5 m,Over 5 m,Over 5 m,Over 5 m,Over 5 m,Over 5 m,Over 5 m,,07/02/2026 16:18:56,,methall@wisc.edu
07/02/2026 02:00 PM,Delilah,Sunny,87,,,,,,,,,,,,,,,,,,,,,,,,,,,,,,,,,,,,,,,,,,,,,,,,,,,,,,,,,,,,,,,,,,,,,,,,,,,,,,,,,,,,,,,,,,,,,,,,,,,,,,,,,,,,,,,,,,,,,,,,,,,,,,,,,Rest,Rest,Rest,Rest,Rest,Rest,Rest,Rest,,,,,,,,,2-5 m,2-5 m,2-5 m,2-5 m,2-5 m,2-5 m,Less than 2 m,Less than 2 m,2-5 m,2-5 m,2-5 m,2-5 m,2-5 m,2-5 m,2-5 m,2-5 m,2-5 m,2-5 m,2-5 m,2-5 m,2-5 m,2-5 m,2-5 m,2-5 m,2-5 m,2-5 m,2-5 m,2-5 m,2-5 m,2-5 m,2-5 m,2-5 m,,07/02/2026 16:18:54,,methall@wisc.edu
07/02/2026 01:49 PM,Janis Joplin,Sunny,87,0,850,Affiliative - Contact sit,Charlie Brown,347,415,Stress-Related - Vigilance,,851,910,Affiliative - Contact sit,Delilah,911,1151,Affiliative - Contact sit,Charlie Brown,1025,1153,Affiliative - Contact sit,Delilah,1153,1155,Agonistic - Displace,Delilah,1210,1435,Affiliative - Receive grooming,Pearl Hart,1443,1458,Affiliative - Contact sit,Charlie Brown,1452,1500,Affiliative - Contact sit,Pearl Hart,,,,,,,,,,,,,,,,,,,,,,,,,,,,,,,,,,,,,,,,,,,,,,,,,,,,,,,,,,,,,,,,,,,,,,,,,,,,,,,,,,,,,,,,,,,,,Rest,Rest,Other,Rest,Rest,Rest,Other,Social,Less than 2 m,Less than 2 m,Less than 2 m,Less than 2 m,Less than 2 m,Less than 2 m,Less than 2 m,2-5 m,Body contact,Body contact,Body contact,Body contact,Body contact,Body contact,Less than 2 m,Less than 2 m,Less than 2 m,Less than 2 m,Less than 2 m,Less than 2 m,Less than 2 m,Less than 2 m,Less than 2 m,Body contact,2-5 m,2-5 m,2-5 m,2-5 m,2-5 m,2-5 m,2-5 m,2-5 m,,,,,,,,,,07/02/2026 16:18:53,,methall@wisc.edu
07/02/2026 01:35 PM,Pearl Hart,Sunny,87,859,903,Stress-Related - Self-scratch,,903,928,Stress-Related - Self-groom,,928,1027,Stress-Related - Vigilance,,948,950,Stress-Related - Yawn,,1226,1257,Stress-Related - Vigilance,,1347,1418,Stress-Related - Vigilance,,,,,,,,,,,,,,,,,,,,,,,,,,,,,,,,,,,,,,,,,,,,,,,,,,,,,,,,,,,,,,,,,,,,,,,,,,,,,,,,,,,,,,,,,,,,,,,,,,,,,,,,,,Rest,Rest,Rest,Rest,Rest,Other,Rest,Other,Less than 2 m,Less than 2 m,Less than 2 m,Less than 2 m,Less than 2 m,Less than 2 m,Less than 2 m,Less than 2 m,Less than 2 m,Less than 2 m,Less than 2 m,Less than 2 m,Less than 2 m,Less than 2 m,Less than 2 m,Less than 2 m,,,,,,,,,2-5 m,2-5 m,2-5 m,2-5 m,2-5 m,Over 5 m,Over 5 m,Over 5 m,Less than 2 m,Less than 2 m,Less than 2 m,Less than 2 m,Less than 2 m,Less than 2 m,Less than 2 m,Less than 2 m,,07/02/2026 16:18:51,,methall@wisc.edu
07/02/2026 11:44 AM,Janis Joplin,Sunny,85,0,158,Affiliative - Contact sit,Pearl Hart,156,207,Stress-Related - Vigilance,,442,502,Stress-Related - Self-groom,,443,1011,Affiliative - Contact sit,Pearl Hart,634,643,Stress-Related - Vigilance,,938,941,Stress-Related - Vigilance,,,,,,,,,,,,,,,,,,,,,,,,,,,,,,,,,,,,,,,,,,,,,,,,,,,,,,,,,,,,,,,,,,,,,,,,,,,,,,,,,,,,,,,,,,,,,,,,,,,,,,,,,,Rest,Other,Rest,Rest,Rest,Rest,Rest,Rest,Over 5 m,Over 5 m,Over 5 m,Over 5 m,Over 5 m,Over 5 m,Over 5 m,Over 5 m,2-5 m,2-5 m,2-5 m,2-5 m,2-5 m,2-5 m,2-5 m,2-5 m,Body contact,Less than 2 m,Less than 2 m,Body contact,Body contact,Body contact,Less than 2 m,Less than 2 m,2-5 m,2-5 m,2-5 m,2-5 m,2-5 m,2-5 m,2-5 m,2-5 m,,,,,,,,,,07/02/2026 12:07:57,,methall@wisc.edu
07/02/2026 11:28 AM,Delilah,Sunny,85,1215,1500,Affiliative - Contact sit,Charlie Brown,1220,1344,Affiliative - Mutual grooming,Charlie Brown,1344,1400,Affiliative - Give grooming,Charlie Brown,1400,1450,Affiliative - Receive grooming,Charlie Brown,1450,1500,Affiliative - Mutual grooming,Charlie Brown,,,,,,,,,,,,,,,,,,,,,,,,,,,,,,,,,,,,,,,,,,,,,,,,,,,,,,,,,,,,,,,,,,,,,,,,,,,,,,,,,,,,,,,,,,,,,,,,,,,,,,,,,,,,,Rest,Rest,Rest,Rest,Rest,Rest,Rest,Social,,,,,,,,,Over 5 m,Over 5 m,Over 5 m,Over 5 m,Over 5 m,Less than 2 m,Less than 2 m,Body contact,Less than 2 m,Less than 2 m,Less than 2 m,Less than 2 m,Less than 2 m,Less than 2 m,2-5 m,Over 5 m,Over 5 m,Over 5 m,Over 5 m,Over 5 m,Over 5 m,Over 5 m,Over 5 m,Over 5 m,2-5 m,2-5 m,2-5 m,2-5 m,2-5 m,Over 5 m,Over 5 m,Over 5 m,,07/02/2026 12:07:55,,methall@wisc.edu
07/02/2026 11:14 AM,Laurel,Sunny,85,,,,,,,,,,,,,,,,,,,,,,,,,,,,,,,,,,,,,,,,,,,,,,,,,,,,,,,,,,,,,,,,,,,,,,,,,,,,,,,,,,,,,,,,,,,,,,,,,,,,,,,,,,,,,,,,,,,,,,,,,,,,,,,,,Rest,Rest,Rest,Rest,Rest,Rest,Rest,Rest,Over 5 m,Over 5 m,Over 5 m,Over 5 m,Over 5 m,Over 5 m,Over 5 m,Over 5 m,Over 5 m,Over 5 m,Over 5 m,Over 5 m,Over 5 m,Over 5 m,Over 5 m,Over 5 m,Over 5 m,Over 5 m,Over 5 m,Over 5 m,Over 5 m,Over 5 m,Over 5 m,Over 5 m,,,,,,,,,Over 5 m,Over 5 m,Over 5 m,2-5 m,2-5 m,2-5 m,2-5 m,2-5 m,,07/02/2026 12:07:54,,methall@wisc.edu
07/02/2026 11:00 AM,Pearl Hart,Sunny,85,0,807,Affiliative - Contact sit,Janis Joplin,834,900,Affiliative - Contact sit,Janis Joplin,921,1044,Stress-Related - Vigilance,,1341,1351,Stress-Related - Vigilance,,1432,1444,Stress-Related - Vigilance,,,,,,,,,,,,,,,,,,,,,,,,,,,,,,,,,,,,,,,,,,,,,,,,,,,,,,,,,,,,,,,,,,,,,,,,,,,,,,,,,,,,,,,,,,,,,,,,,,,,,,,,,,,,,,Rest,Rest,Rest,Rest,Rest,Other,Rest,Rest,Less than 2 m,Less than 2 m,Less than 2 m,Less than 2 m,Less than 2 m,Less than 2 m,Less than 2 m,Less than 2 m,Over 5 m,Over 5 m,Over 5 m,Over 5 m,Over 5 m,Over 5 m,Over 5 m,Over 5 m,,,,,,,,,Over 5 m,Over 5 m,Over 5 m,Over 5 m,Over 5 m,Over 5 m,Over 5 m,Over 5 m,Body contact,Body contact,Body contact,Body contact,Body contact,Less than 2 m,Less than 2 m,Less than 2 m,,07/02/2026 12:07:52,,methall@wisc.edu
07/02/2026 10:50 AM,Janis Joplin,Sunny,85,830,1500,Affiliative - Contact sit,Pearl Hart,835,854,Affiliative - Receive grooming,Pearl Hart,854,907,Affiliative - Mutual grooming,Pearl Hart,907,914,Affiliative - Receive grooming,Pearl Hart,936,940,Stress-Related - Self-groom,,,,,,,,,,,,,,,,,,,,,,,,,,,,,,,,,,,,,,,,,,,,,,,,,,,,,,,,,,,,,,,,,,,,,,,,,,,,,,,,,,,,,,,,,,,,,,,,,,,,,,,,,,,,,,Rest,Rest,Rest,Rest,Rest,Rest,Rest,Rest,Less than 2 m,Less than 2 m,Less than 2 m,Less than 2 m,Less than 2 m,Less than 2 m,Less than 2 m,Less than 2 m,Over 5 m,Over 5 m,Over 5 m,Over 5 m,Over 5 m,Over 5 m,Over 5 m,Over 5 m,Less than 2 m,Less than 2 m,Less than 2 m,Less than 2 m,Less than 2 m,Body contact,Body contact,Body contact,Over 5 m,Over 5 m,Over 5 m,Over 5 m,Over 5 m,Over 5 m,Over 5 m,Over 5 m,,,,,,,,,,07/02/2026 12:07:51,,methall@wisc.edu
07/02/2026 10:29 AM,Delilah,Sunny,85,35,52,Stress-Related - Vigilance,,323,328,Affiliative - Greet,Pearl Hart,332,348,Affiliative - Mutual grooming,Pearl Hart,348,356,Affiliative - Give grooming,Pearl Hart,356,413,Affiliative - Receive grooming,Pearl Hart,426,430,Stress-Related - Self-scratch,,502,514,Stress-Related - Self-groom,,713,748,Affiliative - Contact sit,Pearl Hart,728,804,Stress-Related - Self-groom,,814,848,Stress-Related - Self-groom,,1039,1056,Stress-Related - Self-groom,,1056,1110,Stress-Related - Vigilance,,1110,1147,Stress-Related - Self-groom,,1156,1226,Stress-Related - Self-groom,,,,,,,,,,,,,,,,,,,,,,,,,,,,,,,,,,,,,,,,,,,,,,,,,,,,,,,,,,,,,,,,,,,,,,,,,,Rest,Rest,Social,Rest,Other,Rest,Other,Rest,,,,,,,,,Over 5 m,Over 5 m,Less than 2 m,Less than 2 m,Over 5 m,Over 5 m,Over 5 m,Over 5 m,2-5 m,2-5 m,Body contact,Less than 2 m,Less than 2 m,2-5 m,2-5 m,2-5 m,Over 5 m,Over 5 m,Over 5 m,Over 5 m,Over 5 m,Over 5 m,Over 5 m,Over 5 m,2-5 m,2-5 m,2-5 m,Over 5 m,Over 5 m,Over 5 m,Less than 2 m,Less than 2 m,,07/02/2026 12:07:49,,methall@wisc.edu
07/02/2026 10:14 AM,Laurel,Sunny,85,23,29,Stress-Related - Vigilance,,339,358,Stress-Related - Vigilance,,410,437,Stress-Related - Self-groom,,446,515,Stress-Related - Vigilance,,531,539,Stress-Related - Vigilance,,539,549,Stress-Related - Self-groom,,558,651,Stress-Related - Vigilance,,729,740,Stress-Related - Self-groom,,740,758,Stress-Related - Vigilance,,836,912,Stress-Related - Vigilance,,932,940,Stress-Related - Self-groom,,1019,1024,Stress-Related - Vigilance,,1100,1108,Stress-Related - Vigilance,,1122,1133,Stress-Related - Self-groom,,1218,1228,Stress-Related - Self-groom,,1316,1319,Stress-Related - Self-groom,,1323,1326,Stress-Related - Self-scratch,,1330,1500,Stress-Related - Vigilance,,,,,,,,,,,,,,,,,,,,,,,,,,,,,,,,,,,,,,,,,,,,,,,,,,,,,,,,,,Other,Rest,Locomotion,Other,Locomotion,Other,Other,Other,Over 5 m,Over 5 m,Over 5 m,Less than 2 m,2-5 m,Over 5 m,Over 5 m,Over 5 m,Over 5 m,Over 5 m,Over 5 m,Over 5 m,Over 5 m,Over 5 m,Over 5 m,Over 5 m,Over 5 m,Over 5 m,Over 5 m,Over 5 m,Over 5 m,Over 5 m,Over 5 m,Over 5 m,,,,,,,,,2-5 m,Over 5 m,2-5 m,Over 5 m,Over 5 m,Over 5 m,Over 5 m,Over 5 m,,07/02/2026 12:07:48,,methall@wisc.edu
07/01/2026 11:11 AM,Laurel,Sunny,87,1147,1500,Affiliative - Contact sit,Delilah,1157,1226,Affiliative - Give grooming,Delilah,1227,1306,Affiliative - Receive grooming,Delilah,1345,1411,Stress-Related - Self-groom,,1417,1430,Stress-Related - Self-groom,,,,,,,,,,,,,,,,,,,,,,,,,,,,,,,,,,,,,,,,,,,,,,,,,,,,,,,,,,,,,,,,,,,,,,,,,,,,,,,,,,,,,,,,,,,,,,,,,,,,,,,,,,,,,,Rest,Rest,Rest,Rest,Rest,Rest,Social,Other,Over 5 m,Over 5 m,Over 5 m,Over 5 m,Over 5 m,Over 5 m,Body contact,Body contact,Over 5 m,Over 5 m,Over 5 m,Over 5 m,Over 5 m,Over 5 m,Over 5 m,Over 5 m,Over 5 m,Over 5 m,Over 5 m,Over 5 m,Over 5 m,Over 5 m,Over 5 m,Over 5 m,,,,,,,,,Over 5 m,Over 5 m,Over 5 m,Over 5 m,Over 5 m,Over 5 m,Over 5 m,Over 5 m,,07/02/2026 12:07:46,,methall@wisc.edu
07/01/2026 10:56 AM,Janis Joplin,Sunny,87,0,108,Affiliative - Contact sit,Charlie Brown,0,108,Affiliative - Mutual grooming,Charlie Brown,109,112,Stress-Related - Self-scratch,,112,122,Stress-Related - Self-groom,,1343,1348,Stress-Related - Vigilance,,,,,,,,,,,,,,,,,,,,,,,,,,,,,,,,,,,,,,,,,,,,,,,,,,,,,,,,,,,,,,,,,,,,,,,,,,,,,,,,,,,,,,,,,,,,,,,,,,,,,,,,,,,,,,Social,Rest,Rest,Rest,Rest,Rest,Rest,Rest,Over 5 m,Over 5 m,Over 5 m,Over 5 m,Over 5 m,Over 5 m,Over 5 m,Over 5 m,Body contact,Less than 2 m,Less than 2 m,Less than 2 m,Less than 2 m,Less than 2 m,Less than 2 m,Less than 2 m,Over 5 m,Over 5 m,Over 5 m,Over 5 m,Over 5 m,Over 5 m,Over 5 m,Over 5 m,Over 5 m,Over 5 m,Over 5 m,Over 5 m,Over 5 m,Over 5 m,Over 5 m,Over 5 m,,,,,,,,,,07/02/2026 12:07:44,,methall@wisc.edu
07/01/2026 10:46 AM,Pearl Hart,Sunny,86,539,617,Stress-Related - Self-groom,,733,839,Affiliative - Receive grooming,Delilah,839,930,Affiliative - Mutual grooming,Delilah,850,948,Affiliative - Contact sit,Delilah,935,1000,Stress-Related - Self-groom,,1303,1346,Stress-Related - Self-groom,,1346,1348,Stress-Related - Self-scratch,,1348,1432,Stress-Related - Self-groom,,,,,,,,,,,,,,,,,,,,,,,,,,,,,,,,,,,,,,,,,,,,,,,,,,,,,,,,,,,,,,,,,,,,,,,,,,,,,,,,,,,,,,,,,,,,,,,,,,Rest,Rest,Rest,Other,Social,Other,Rest,Other,Less than 2 m,Less than 2 m,Less than 2 m,Less than 2 m,Body contact,Less than 2 m,Less than 2 m,Less than 2 m,2-5 m,2-5 m,2-5 m,2-5 m,2-5 m,2-5 m,2-5 m,2-5 m,,,,,,,,,Over 5 m,Over 5 m,Over 5 m,Over 5 m,Over 5 m,Over 5 m,Over 5 m,Over 5 m,Over 5 m,Over 5 m,Over 5 m,Over 5 m,Over 5 m,Over 5 m,Over 5 m,Over 5 m,,07/02/2026 12:07:42,,methall@wisc.edu
06/25/2026 02:08 PM,Delilah,Sunny,88,0,322,Affiliative - Contact sit,Pearl Hart,47,59,Affiliative - Give grooming,Pearl Hart,107,113,Affiliative - Receive grooming,Pearl Hart,249,319,Stress-Related - Vigilance,,330,343,Affiliative - Give grooming,Janis Joplin,343,434,Affiliative - Mutual grooming,Janis Joplin,435,520,Affiliative - Receive grooming,Janis Joplin,822,825,Stress-Related - Vigilance,,,,,,,,,,,,,,,,,,,,,,,,,,,,,,,,,,,,,,,,,,,,,,,,,,,,,,,,,,,,,,,,,,,,,,,,,,,,,,,,,,,,,,,,,,,,,,,,,,Rest,Other,Social,Rest,Rest,Rest,Rest,Rest,,,,,,,,,Over 5 m,Over 5 m,Over 5 m,Over 5 m,Over 5 m,Over 5 m,2-5 m,Over 5 m,Body contact,Body contact,Less than 2 m,Less than 2 m,Less than 2 m,Less than 2 m,Less than 2 m,Less than 2 m,2-5 m,2-5 m,Less than 2 m,2-5 m,2-5 m,2-5 m,2-5 m,2-5 m,2-5 m,2-5 m,Body contact,Less than 2 m,Less than 2 m,Less than 2 m,Less than 2 m,Less than 2 m,,06/25/2026 14:38:37,,methall@wisc.edu
06/25/2026 01:52 PM,Janis Joplin,Sunny,88,113,131,Stress-Related - Self-groom,,137,145,Stress-Related - Self-scratch,,150,204,Stress-Related - Self-groom,,204,209,Stress-Related - Vigilance,,209,211,Stress-Related - Self-groom,,300,317,Stress-Related - Self-groom,,319,321,Stress-Related - Head throw-back,,328,336,Stress-Related - Self-scratch,,555,606,Stress-Related - Vigilance,,746,750,Affiliative - Greet,Laurel,755,757,Stress-Related - Head throw-back,,939,947,Stress-Related - Self-groom,,1418,1427,Stress-Related - Vigilance,,,,,,,,,,,,,,,,,,,,,,,,,,,,,,,,,,,,,,,,,,,,,,,,,,,,,,,,,,,,,,,,,,,,,,,,,,,,,,Rest,Other,Rest,Other,Other,Rest,Rest,Rest,Less than 2 m,Less than 2 m,Less than 2 m,Less than 2 m,2-5 m,2-5 m,2-5 m,2-5 m,Over 5 m,Over 5 m,Over 5 m,Over 5 m,Over 5 m,Over 5 m,Over 5 m,Over 5 m,Over 5 m,Over 5 m,Over 5 m,Over 5 m,Over 5 m,Over 5 m,Over 5 m,Over 5 m,2-5 m,2-5 m,Less than 2 m,Less than 2 m,Less than 2 m,Less than 2 m,Less than 2 m,Less than 2 m,,,,,,,,,,06/25/2026 14:38:34,,methall@wisc.edu
06/25/2026 12:58 PM,Pearl Hart,Sunny,87,4,6,Stress-Related - Self-scratch,,145,158,Affiliative - Contact sit,Laurel,158,200,Agonistic - Displace,Laurel,425,629,Affiliative - Contact sit,Janis Joplin,507,540,Affiliative - Give grooming,Janis Joplin,715,722,Stress-Related - Self-scratch,,835,951,Affiliative - Mutual grooming,Delilah,830,1500,Affiliative - Contact sit,Delilah,1120,1123,Stress-Related - Self-scratch,,1219,1411,Affiliative - Receive grooming,Delilah,,,,,,,,,,,,,,,,,,,,,,,,,,,,,,,,,,,,,,,,,,,,,,,,,,,,,,,,,,,,,,,,,,,,,,,,,,,,,,,,,,,,,,,,,Rest,Other,Rest,Rest,Other,Rest,Rest,Social,2-5 m,Less than 2 m,Less than 2 m,Less than 2 m,Less than 2 m,Body contact,Body contact,Body contact,Over 5 m,Over 5 m,Over 5 m,Over 5 m,Over 5 m,Over 5 m,Over 5 m,Over 5 m,,,,,,,,,Less than 2 m,Less than 2 m,2-5 m,2-5 m,2-5 m,2-5 m,2-5 m,2-5 m,Less than 2 m,Less than 2 m,Less than 2 m,Less than 2 m,2-5 m,Less than 2 m,Less than 2 m,Less than 2 m,,06/25/2026 14:38:30,,methall@wisc.edu
06/25/2026 11:15 AM,Delilah,Sunny,85,527,531,Stress-Related - Self-scratch,,538,903,Affiliative - Contact sit,Laurel,539,853,Affiliative - Give grooming,Laurel,914,926,Stress-Related - Self-groom,,1220,1334,Stress-Related - Vigilance,,,,,,,,,,,,,,,,,,,,,,,,,,,,,,,,,,,,,,,,,,,,,,,,,,,,,,,,,,,,,,,,,,,,,,,,,,,,,,,,,,,,,,,,,,,,,,,,,,,,,,,,,,,,,,Rest,Rest,Rest,Social,Social,Rest,Rest,Rest,,,,,,,,,Over 5 m,Over 5 m,Over 5 m,Over 5 m,Over 5 m,Over 5 m,Over 5 m,Over 5 m,Over 5 m,Over 5 m,Over 5 m,Over 5 m,Over 5 m,Over 5 m,Over 5 m,Over 5 m,Less than 2 m,Less than 2 m,Less than 2 m,Body contact,Body contact,Less than 2 m,Less than 2 m,Less than 2 m,Over 5 m,Over 5 m,Over 5 m,Over 5 m,Over 5 m,Over 5 m,Over 5 m,Over 5 m,,06/25/2026 11:37:33,,methall@wisc.edu
06/25/2026 11:04 AM,Pearl Hart,Sunny,85,454,540,Affiliative - Contact sit,Delilah,450,453,Affiliative - Greet,Laurel,549,551,Stress-Related - Self-groom,,755,811,Stress-Related - Self-groom,,825,830,Stress-Related - Self-groom,,857,927,Stress-Related - Vigilance,,927,932,Stress-Related - Self-scratch,,949,1000,Stress-Related - Self-scratch,,1030,1032,Agonistic - Displace,Charlie Brown,1035,1130,Stress-Related - Vigilance,,,,,,,,,,,,,,,,,,,,,,,,,,,,,,,,,,,,,,,,,,,,,,,,,,,,,,,,,,,,,,,,,,,,,,,,,,,,,,,,,,,,,,,,,,Rest,Rest,Rest,Rest,Other,Other,Rest,Rest,Less than 2 m,Less than 2 m,Less than 2 m,2-5 m,2-5 m,2-5 m,Over 5 m,Over 5 m,Over 5 m,Over 5 m,Over 5 m,Over 5 m,Over 5 m,2-5 m,2-5 m,2-5 m,,,,,,,,,Less than 2 m,Less than 2 m,Less than 2 m,2-5 m,2-5 m,2-5 m,Over 5 m,Over 5 m,Over 5 m,Over 5 m,Over 5 m,Over 5 m,Over 5 m,2-5 m,Less than 2 m,Less than 2 m,,06/25/2026 11:37:30,,methall@wisc.edu
06/25/2026 10:54 AM,Laurel,Sunny,85,0,207,Affiliative - Contact sit,Pearl Hart,0,56,Affiliative - Mutual grooming,Pearl Hart,101,148,Affiliative - Give grooming,Pearl Hart,,,,,,,,,,,,,,,,,,,,,,,,,,,,,,,,,,,,,,,,,,,,,,,,,,,,,,,,,,,,,,,,,,,,,,,,,,,,,,,,,,,,,,,,,,,,,,,,,,,,,,,,,,,,,,,,,,,,,Social,Rest,Rest,Rest,Rest,Rest,Rest,Rest,2-5 m,2-5 m,Less than 2 m,Less than 2 m,Less than 2 m,Less than 2 m,Less than 2 m,Less than 2 m,Over 5 m,Over 5 m,Over 5 m,Over 5 m,Over 5 m,Over 5 m,Over 5 m,Over 5 m,Body contact,Body contact,2-5 m,2-5 m,2-5 m,2-5 m,Less than 2 m,Less than 2 m,,,,,,,,,Over 5 m,Over 5 m,Over 5 m,Over 5 m,Over 5 m,Over 5 m,Over 5 m,Over 5 m,,06/25/2026 11:37:26,,methall@wisc.edu
06/25/2026 10:43 AM,Janis Joplin,Sunny,85,848,905,Stress-Related - Vigilance,,1227,1237,Stress-Related - Self-groom,,,,,,,,,,,,,,,,,,,,,,,,,,,,,,,,,,,,,,,,,,,,,,,,,,,,,,,,,,,,,,,,,,,,,,,,,,,,,,,,,,,,,,,,,,,,,,,,,,,,,,,,,,,,,,,,,,,,,,,,,,Rest,Rest,Rest,Rest,Rest,Rest,Rest,Rest,Over 5 m,Over 5 m,Over 5 m,Over 5 m,Over 5 m,Over 5 m,Over 5 m,Over 5 m,Less than 2 m,Less than 2 m,Less than 2 m,Less than 2 m,Less than 2 m,Less than 2 m,Less than 2 m,Less than 2 m,Over 5 m,Over 5 m,Over 5 m,Over 5 m,Over 5 m,Over 5 m,Over 5 m,Over 5 m,Over 5 m,Over 5 m,Over 5 m,Over 5 m,Over 5 m,Over 5 m,Over 5 m,Over 5 m,,,,,,,,,,06/25/2026 11:37:22,,methall@wisc.edu
06/25/2026 10:33 AM,Delilah,Sunny,85,0,307,Affiliative - Contact sit,Janis Joplin,126,241,Affiliative - Mutual grooming,Janis Joplin,621,720,Affiliative - Give grooming,Pearl Hart,829,847,Stress-Related - Self-groom,,912,943,Stress-Related - Self-groom,,1030,1112,Stress-Related - Self-groom,,,,,,,,,,,,,,,,,,,,,,,,,,,,,,,,,,,,,,,,,,,,,,,,,,,,,,,,,,,,,,,,,,,,,,,,,,,,,,,,,,,,,,,,,,,,,,,,,,,,,,,,,,Rest,Social,Rest,Rest,Rest,Other,Rest,Rest,,,,,,,,,Over 5 m,Over 5 m,Over 5 m,Over 5 m,Over 5 m,Over 5 m,Over 5 m,Over 5 m,Less than 2 m,Less than 2 m,Less than 2 m,Less than 2 m,Less than 2 m,Less than 2 m,Less than 2 m,Less than 2 m,Less than 2 m,Less than 2 m,Less than 2 m,Less than 2 m,Less than 2 m,2-5 m,2-5 m,2-5 m,Body contact,Body contact,Less than 2 m,Over 5 m,Over 5 m,Over 5 m,Over 5 m,Over 5 m,,06/25/2026 11:37:19,,methall@wisc.edu
06/25/2026 10:19 AM,Pearl Hart,Sunny,85,127,448,Affiliative - Contact sit,Laurel,132,343,Affiliative - Mutual grooming,,508,520,Stress-Related - Self-groom,,,,,,,,,,,,,,,,,,,,,,,,,,,,,,,,,,,,,,,,,,,,,,,,,,,,,,,,,,,,,,,,,,,,,,,,,,,,,,,,,,,,,,,,,,,,,,,,,,,,,,,,,,,,,,,,,,,,,,Rest,Social,Rest,Other,Rest,Rest,Rest,Rest,2-5 m,Less than 2 m,Less than 2 m,Less than 2 m,Less than 2 m,Less than 2 m,Less than 2 m,Less than 2 m,Over 5 m,Over 5 m,Over 5 m,Over 5 m,Over 5 m,Over 5 m,Over 5 m,Over 5 m,,,,,,,,,2-5 m,Body contact,Body contact,Less than 2 m,Less than 2 m,Less than 2 m,Less than 2 m,Less than 2 m,Less than 2 m,2-5 m,Less than 2 m,Less than 2 m,Less than 2 m,Over 5 m,Over 5 m,Over 5 m,,06/25/2026 11:37:16,,methall@wisc.edu
06/25/2026 10:09 AM,Laurel,Sunny,85,807,813,Stress-Related - Self-scratch,,813,824,Stress-Related - Self-groom,,904,907,Stress-Related - Self-groom,,1312,1330,Stress-Related - Vigilance,,,,,,,,,,,,,,,,,,,,,,,,,,,,,,,,,,,,,,,,,,,,,,,,,,,,,,,,,,,,,,,,,,,,,,,,,,,,,,,,,,,,,,,,,,,,,,,,,,,,,,,,,,,,,,,,,,Rest,Rest,Rest,Rest,Rest,Rest,Rest,Other,Over 5 m,Over 5 m,2-5 m,2-5 m,Less than 2 m,Less than 2 m,Less than 2 m,Less than 2 m,Over 5 m,2-5 m,2-5 m,Over 5 m,Over 5 m,Over 5 m,Over 5 m,Over 5 m,Less than 2 m,Less than 2 m,Less than 2 m,2-5 m,2-5 m,2-5 m,2-5 m,2-5 m,,,,,,,,,Less than 2 m,Less than 2 m,Less than 2 m,2-5 m,2-5 m,2-5 m,2-5 m,2-5 m,,06/25/2026 11:37:12,,methall@wisc.edu
06/25/2026 09:54 AM,Janis Joplin,Sunny,85,0,23,Stress-Related - Self-groom,,38,120,Stress-Related - Self-groom,,132,144,Affiliative - Receive grooming,Pearl Hart,148,157,Affiliative - Give grooming,Pearl Hart,158,210,Stress-Related - Self-groom,Delilah,210,254,Affiliative - Give grooming,Pearl Hart,305,307,Stress-Related - Head throw-back,,315,317,Stress-Related - Head throw-back,,317,342,Stress-Related - Vigilance,,400,405,Stress-Related - Self-groom,,415,427,Stress-Related - Self-groom,,427,432,Stress-Related - Vigilance,,432,520,Stress-Related - Self-groom,,520,553,Stress-Related - Vigilance,,553,624,Stress-Related - Self-groom,,837,844,Stress-Related - Vigilance,,1119,1125,Stress-Related - Self-groom,,1137,1147,Stress-Related - Self-groom,,1405,1415,Stress-Related - Vigilance,,,,,,,,,,,,,,,,,,,,,,,,,,,,,,,,,,,,,,,,,,,,,,,,,,,,,,Other,Other,Other,Other,Rest,Rest,Other,Rest,Over 5 m,Over 5 m,Over 5 m,Over 5 m,Over 5 m,Over 5 m,Over 5 m,2-5 m,Over 5 m,Over 5 m,Over 5 m,Over 5 m,Over 5 m,Over 5 m,2-5 m,2-5 m,Over 5 m,Body contact,Less than 2 m,Less than 2 m,Less than 2 m,Less than 2 m,Less than 2 m,Less than 2 m,Less than 2 m,Less than 2 m,Less than 2 m,Less than 2 m,Less than 2 m,Less than 2 m,Less than 2 m,Less than 2 m,,,,,,,,,,06/25/2026 11:37:07,,methall@wisc.edu
06/24/2026 11:35 AM,Laurel,Sunny,80,858,903,Stress-Related - Self-groom,,1058,1100,Stress-Related - Yawn,,1106,1248,Affiliative - Give grooming,Delilah,1151,1154,Stress-Related - Vigilance,,1249,1257,Stress-Related - Self-groom,,1257,1341,Stress-Related - Vigilance,,1326,1328,Stress-Related - Head throw-back,,1347,1401,Stress-Related - Self-groom,,,,,,,,,,,,,,,,,,,,,,,,,,,,,,,,,,,,,,,,,,,,,,,,,,,,,,,,,,,,,,,,,,,,,,,,,,,,,,,,,,,,,,,,,,,,,,,,,,Rest,Rest,Rest,Rest,Rest,Rest,Social,Other,2-5 m,2-5 m,2-5 m,2-5 m,2-5 m,2-5 m,Body contact,Less than 2 m,Over 5 m,Over 5 m,Over 5 m,Over 5 m,Over 5 m,Over 5 m,Over 5 m,Over 5 m,Over 5 m,Over 5 m,Over 5 m,Over 5 m,Over 5 m,Over 5 m,Over 5 m,Over 5 m,,,,,,,,,Over 5 m,Over 5 m,Over 5 m,Over 5 m,Over 5 m,Over 5 m,Over 5 m,Over 5 m,,06/24/2026 12:10:35,,methall@wisc.edu
06/24/2026 11:23 AM,Delilah,Sunny,80,0,1317,Affiliative - Contact sit,Laurel,629,643,Stress-Related - Vigilance,,920,1311,Affiliative - Give grooming,Laurel,1335,1404,Stress-Related - Self-groom,,1438,1456,Stress-Related - Self-groom,,,,,,,,,,,,,,,,,,,,,,,,,,,,,,,,,,,,,,,,,,,,,,,,,,,,,,,,,,,,,,,,,,,,,,,,,,,,,,,,,,,,,,,,,,,,,,,,,,,,,,,,,,,,,,Rest,Rest,Rest,Rest,Rest,Social,Social,Other,,,,,,,,,Over 5 m,Over 5 m,Over 5 m,Over 5 m,Over 5 m,Over 5 m,Over 5 m,Over 5 m,Over 5 m,Over 5 m,Over 5 m,Over 5 m,Over 5 m,Over 5 m,Over 5 m,Over 5 m,Body contact,Body contact,Body contact,Body contact,Body contact,Body contact,Body contact,2-5 m,Over 5 m,Over 5 m,Over 5 m,Over 5 m,Over 5 m,Over 5 m,Over 5 m,Over 5 m,,06/24/2026 12:10:32,,methall@wisc.edu
06/24/2026 11:08 AM,Pearl Hart,Sunny,80,455,458,Stress-Related - Self-scratch,,500,504,Stress-Related - Self-groom,,527,530,Agonistic - Displace,Delilah,530,645,Affiliative - Contact sit,Janis Joplin,545,602,Affiliative - Give grooming,Janis Joplin,645,650,Stress-Related - Self-groom,,730,927,Affiliative - Contact sit,Janis Joplin,735,746,Affiliative - Give grooming,Janis Joplin,756,818,Stress-Related - Vigilance,,1016,1037,Stress-Related - Vigilance,,1030,1500,Affiliative - Contact sit,Janis Joplin,,,,,,,,,,,,,,,,,,,,,,,,,,,,,,,,,,,,,,,,,,,,,,,,,,,,,,,,,,,,,,,,,,,,,,,,,,,,,,,,,,,,,Rest,Rest,Rest,Social,Other,Rest,Rest,Rest,2-5 m,2-5 m,Over 5 m,2-5 m,Over 5 m,Over 5 m,Over 5 m,Over 5 m,Over 5 m,Over 5 m,Over 5 m,Over 5 m,Over 5 m,Over 5 m,Over 5 m,Over 5 m,,,,,,,,,2-5 m,2-5 m,2-5 m,Over 5 m,Over 5 m,Over 5 m,Over 5 m,Over 5 m,Over 5 m,Over 5 m,Over 5 m,Body contact,Body contact,Less than 2 m,Body contact,Body contact,,06/24/2026 12:10:29,,methall@wisc.edu
06/24/2026 10:59 AM,Janis Joplin,Sunny,80,842,853,Stress-Related - Vigilance,,859,913,Stress-Related - Vigilance,,925,1317,Affiliative - Contact sit,Laurel,935,946,Affiliative - Mutual grooming,Laurel,946,1031,Affiliative - Give grooming,Laurel,1033,1052,Affiliative - Mutual grooming,Laurel,1106,1131,Affiliative - Receive grooming,Laurel,1131,1140,Affiliative - Receive grooming,Laurel,1140,1145,Stress-Related - Self-scratch,,1145,1159,Stress-Related - Self-groom,,1159,1203,Stress-Related - Self-scratch,,1203,1210,Stress-Related - Vigilance,,1213,1239,Stress-Related - Self-groom,,,,,,,,,,,,,,,,,,,,,,,,,,,,,,,,,,,,,,,,,,,,,,,,,,,,,,,,,,,,,,,,,,,,,,,,,,,,,,Rest,Rest,Rest,Rest,Rest,Social,Other,Rest,Over 5 m,Over 5 m,Over 5 m,Over 5 m,Over 5 m,Over 5 m,Over 5 m,Over 5 m,Over 5 m,Over 5 m,Over 5 m,Over 5 m,Over 5 m,Over 5 m,Over 5 m,Over 5 m,Over 5 m,Over 5 m,Over 5 m,Over 5 m,Over 5 m,Over 5 m,Over 5 m,Over 5 m,Less than 2 m,Less than 2 m,Less than 2 m,Less than 2 m,Less than 2 m,Body contact,Body contact,Over 5 m,,,,,,,,,,06/24/2026 12:10:27,,methall@wisc.edu
06/24/2026 10:49 AM,Laurel,Sunny,80,1010,1029,Stress-Related - Self-groom,,1038,1053,Stress-Related - Self-groom,,,,,,,,,,,,,,,,,,,,,,,,,,,,,,,,,,,,,,,,,,,,,,,,,,,,,,,,,,,,,,,,,,,,,,,,,,,,,,,,,,,,,,,,,,,,,,,,,,,,,,,,,,,,,,,,,,,,,,,,,,Rest,Rest,Rest,Rest,Rest,Rest,Rest,Rest,Over 5 m,Over 5 m,Over 5 m,Over 5 m,Over 5 m,Over 5 m,Over 5 m,Over 5 m,Over 5 m,Over 5 m,Over 5 m,Over 5 m,Over 5 m,Over 5 m,Over 5 m,Over 5 m,Over 5 m,Over 5 m,Over 5 m,Over 5 m,Over 5 m,Over 5 m,Over 5 m,Over 5 m,,,,,,,,,Less than 2 m,Less than 2 m,Less than 2 m,Less than 2 m,Less than 2 m,Less than 2 m,Less than 2 m,Less than 2 m,,06/24/2026 12:10:25,,methall@wisc.edu
06/24/2026 10:39 AM,Delilah,Sunny,80,636,653,Stress-Related - Self-groom,,822,827,Stress-Related - Vigilance,,827,832,Stress-Related - Self-scratch,,832,845,Stress-Related - Self-groom,,855,910,Stress-Related - Self-groom,,910,938,Stress-Related - Vigilance,,,,,,,,,,,,,,,,,,,,,,,,,,,,,,,,,,,,,,,,,,,,,,,,,,,,,,,,,,,,,,,,,,,,,,,,,,,,,,,,,,,,,,,,,,,,,,,,,,,,,,,,,,Rest,Rest,Rest,Rest,Rest,Rest,Rest,Rest,,,,,,,,,Over 5 m,Over 5 m,Over 5 m,Over 5 m,Over 5 m,Over 5 m,Over 5 m,Over 5 m,Over 5 m,Over 5 m,Over 5 m,Over 5 m,Over 5 m,Over 5 m,Over 5 m,Over 5 m,Over 5 m,Over 5 m,Over 5 m,Over 5 m,Over 5 m,Over 5 m,Over 5 m,Over 5 m,Over 5 m,Over 5 m,Over 5 m,Over 5 m,Over 5 m,Over 5 m,Over 5 m,Over 5 m,,06/24/2026 12:10:23,,methall@wisc.edu
06/24/2026 10:24 AM,Pearl Hart,Sunny,80,0,623,Affiliative - Contact sit,Janis Joplin,0,28,Affiliative - Mutual grooming,Janis Joplin,28,50,Stress-Related - Self-groom,,50,100,Affiliative - Give grooming,Janis Joplin,115,136,Stress-Related - Self-groom,,229,246,Affiliative - Give grooming,Janis Joplin,257,430,Stress-Related - Vigilance,,522,545,Stress-Related - Vigilance,,545,553,Stress-Related - Self-groom,,558,623,Affiliative - Give grooming,Janis Joplin,710,725,Stress-Related - Self-groom,,733,748,Stress-Related - Self-groom,,748,801,Stress-Related - Vigilance,,804,810,Stress-Related - Self-scratch,,,,,,,,,,,,,,,,,,,,,,,,,,,,,,,,,,,,,,,,,,,,,,,,,,,,,,,,,,,,,,,,,,,,,,,,,,Social,Rest,Other,Social,Other,Rest,Rest,Rest,Over 5 m,Over 5 m,Over 5 m,Over 5 m,Over 5 m,Over 5 m,Over 5 m,Over 5 m,Over 5 m,Over 5 m,2-5 m,Over 5 m,Over 5 m,Over 5 m,Over 5 m,Over 5 m,,,,,,,,,Over 5 m,Over 5 m,2-5 m,2-5 m,Over 5 m,Over 5 m,Over 5 m,Over 5 m,Body contact,Body contact,Body contact,Body contact,Over 5 m,Over 5 m,Over 5 m,Over 5 m,,06/24/2026 12:10:22,,methall@wisc.edu
06/24/2026 10:08 AM,Janis Joplin,Sunny,80,7,14,Stress-Related - Self-groom,,22,144,Stress-Related - Self-groom,,155,202,Stress-Related - Self-groom,,202,210,Stress-Related - Vigilance,,236,256,Stress-Related - Self-groom,,300,333,Stress-Related - Self-groom,,344,1025,Affiliative - Contact sit,Laurel,637,641,Stress-Related - Vigilance,,1027,1308,Affiliative - Contact sit,Charlie Brown,1027,1148,Affiliative - Mutual grooming,Charlie Brown,1148,1210,Affiliative - Give grooming,Charlie Brown,1210,1221,Affiliative - Mutual grooming,Charlie Brown,1221,1259,Affiliative - Give grooming,Charlie Brown,1320,1500,Affiliative - Contact sit,Pearl Hart,1325,1340,Affiliative - Mutual grooming,Pearl Hart,1345,1357,Affiliative - Receive grooming,Pearl Hart,1357,1404,Affiliative - Give grooming,Pearl Hart,1416,1428,Affiliative - Mutual grooming,Pearl Hart,1428,1435,Affiliative - Receive grooming,Pearl Hart,,,,,,,,,,,,,,,,,,,,,,,,,,,,,,,,,,,,,,,,,,,,,,,,,,,,,Locomotion,Other,Rest,Rest,Rest,Rest,Social,Social,Over 5 m,Over 5 m,Over 5 m,Over 5 m,Over 5 m,Over 5 m,Over 5 m,Over 5 m,Over 5 m,Over 5 m,Over 5 m,Over 5 m,Over 5 m,Less than 2 m,Body contact,Over 5 m,Over 5 m,Over 5 m,2-5 m,2-5 m,2-5 m,2-5 m,Over 5 m,Body contact,Over 5 m,Over 5 m,Body contact,Body contact,Body contact,Body contact,Less than 2 m,Over 5 m,,,,,,,,,,06/24/2026 12:10:19,,methall@wisc.edu
06/16/2026 02:13 PM,Delilah,Cloudy,85,24,29,Stress-Related - Vigilance,,103,106,Affiliative - Mutual grooming,Janis Joplin,158,209,Stress-Related - Vigilance,,224,232,Stress-Related - Self-groom,,232,238,Stress-Related - Self-scratch,,238,303,Stress-Related - Self-groom,,325,335,Stress-Related - Self-groom,,639,648,Stress-Related - Self-groom,,841,855,Stress-Related - Vigilance,,926,1015,Stress-Related - Vigilance,,1139,1145,Stress-Related - Vigilance,,1213,1224,Stress-Related - Self-groom,,1326,1331,Stress-Related - Vigilance,,1346,1350,Stress-Related - Vigilance,,,,,,,,,,,,,,,,,,,,,,,,,,,,,,,,,,,,,,,,,,,,,,,,,,,,,,,,,,,,,,,,,,,,,,,,,,Locomotion,Other,Other,Other,Other,Other,Other,Locomotion,,,,,,,,,2-5 m,Over 5 m,Over 5 m,Over 5 m,Over 5 m,Over 5 m,2-5 m,Less than 2 m,2-5 m,Over 5 m,Over 5 m,Less than 2 m,2-5 m,Over 5 m,Over 5 m,2-5 m,2-5 m,Over 5 m,Over 5 m,Over 5 m,Less than 2 m,2-5 m,Over 5 m,2-5 m,Less than 2 m,Less than 2 m,Less than 2 m,Less than 2 m,2-5 m,Over 5 m,Over 5 m,2-5 m,,06/17/2026 14:40:37,,methall@wisc.edu
06/16/2026 01:20 PM,Laurel,Cloudy,85,0,155,Affiliative - Contact sit,Charlie Brown,0,100,Affiliative - Mutual grooming,Charlie Brown,105,155,Affiliative - Contact sit,Janis Joplin,108,117,Affiliative - Mutual grooming,Janis Joplin,128,153,Affiliative - Receive grooming,Charlie Brown,623,649,Stress-Related - Vigilance,,711,715,Stress-Related - Self-scratch,,715,726,Stress-Related - Self-groom,,1004,1011,Stress-Related - Self-groom,,1057,1100,Stress-Related - Head throw-back,,1100,1328,Stress-Related - Vigilance,,,,,,,,,,,,,,,,,,,,,,,,,,,,,,,,,,,,,,,,,,,,,,,,,,,,,,,,,,,,,,,,,,,,,,,,,,,,,,,,,,,,,,Social,Rest,Rest,Rest,Locomotion,Other,Other,Other,Less than 2 m,Less than 2 m,Less than 2 m,Less than 2 m,Over 5 m,Over 5 m,2-5 m,2-5 m,Body contact,Less than 2 m,Less than 2 m,Less than 2 m,Over 5 m,2-5 m,2-5 m,2-5 m,2-5 m,2-5 m,Less than 2 m,Less than 2 m,2-5 m,2-5 m,2-5 m,2-5 m,,,,,,,,,2-5 m,Less than 2 m,Less than 2 m,2-5 m,2-5 m,2-5 m,2-5 m,2-5 m,,06/17/2026 14:40:16,,methall@wisc.edu
06/16/2026 10:50 AM,Laurel,Sunny,87,0,217,Affiliative - Give grooming,Charlie Brown,238,328,Affiliative - Mutual grooming,Charlie Brown,235,450,Affiliative - Contact sit,Charlie Brown,342,407,Affiliative - Mutual grooming,Charlie Brown,407,430,Affiliative - Give grooming,Charlie Brown,430,450,Affiliative - Receive grooming,Charlie Brown,450,535,Affiliative - Contact sit,Pearl Hart,452,535,Affiliative - Mutual grooming,Pearl Hart,551,602,Stress-Related - Self-groom,,633,639,Stress-Related - Self-groom,,639,646,Stress-Related - Self-scratch,,652,702,Stress-Related - Self-groom,,,,,,,,,,,,,,,,,,,,,,,,,,,,,,,,,,,,,,,,,,,,,,,,,,,,,,,,,,,,,,,,,,,,,,,,,,,,,,,,,,Social,Social,Social,Other,Rest,Rest,Rest,Rest,Less than 2 m,Less than 2 m,Less than 2 m,2-5 m,Over 5 m,Over 5 m,Over 5 m,Over 5 m,Body contact,Body contact,Body contact,2-5 m,2-5 m,2-5 m,2-5 m,2-5 m,2-5 m,2-5 m,2-5 m,2-5 m,2-5 m,2-5 m,2-5 m,2-5 m,,,,,,,,,2-5 m,2-5 m,2-5 m,2-5 m,Over 5 m,Over 5 m,Over 5 m,Over 5 m,,06/17/2026 14:39:58,,methall@wisc.edu
06/16/2026 10:36 AM,Delilah,Sunny,87,0,38,Stress-Related - Self-groom,,39,103,Stress-Related - Vigilance,,106,116,Stress-Related - Self-groom,,122,146,Stress-Related - Self-groom,,153,205,Stress-Related - Self-groom,,205,224,Stress-Related - Vigilance,,347,349,Affiliative - Greet,Laurel,433,502,Stress-Related - Vigilance,,521,535,Stress-Related - Vigilance,,635,647,Stress-Related - Vigilance,,738,830,Stress-Related - Self-groom,,830,834,Stress-Related - Self-scratch,,1026,1052,Stress-Related - Self-groom,,1102,1109,Stress-Related - Self-groom,,,,,,,,,,,,,,,,,,,,,,,,,,,,,,,,,,,,,,,,,,,,,,,,,,,,,,,,,,,,,,,,,,,,,,,,,,Other,Other,Other,Locomotion,Other,Rest,Rest,Rest,,,,,,,,,Over 5 m,Over 5 m,Over 5 m,Over 5 m,Over 5 m,Over 5 m,2-5 m,Less than 2 m,Over 5 m,Over 5 m,Over 5 m,Over 5 m,Over 5 m,Over 5 m,Over 5 m,2-5 m,Over 5 m,Over 5 m,Less than 2 m,2-5 m,2-5 m,Less than 2 m,Less than 2 m,Less than 2 m,Over 5 m,Over 5 m,Over 5 m,Over 5 m,Over 5 m,Over 5 m,Over 5 m,2-5 m,,06/17/2026 14:39:29,,methall@wisc.edu
06/16/2026 10:18 AM,Pearl Hart,Sunny,87,0,342,Affiliative - Contact sit,Charlie Brown,0,110,Affiliative - Give grooming,Charlie Brown,110,227,Affiliative - Receive grooming,Charlie Brown,227,342,Affiliative - Mutual grooming,Charlie Brown,348,407,Stress-Related - Self-groom,,407,417,Stress-Related - Vigilance,,417,429,Stress-Related - Self-groom,,450,505,Stress-Related - Self-groom,,551,829,Stress-Related - Vigilance,,833,837,Stress-Related - Self-scratch,,837,845,Stress-Related - Self-groom,,845,922,Stress-Related - Vigilance,,946,958,Stress-Related - Vigilance,,958,1021,Stress-Related - Self-groom,,1054,1057,Stress-Related - Self-groom,,1111,1125,Stress-Related - Self-groom,,1434,1454,Stress-Related - Vigilance,,,,,,,,,,,,,,,,,,,,,,,,,,,,,,,,,,,,,,,,,,,,,,,,,,,,,,,,,,,,,,Social,Social,Other,Other,Other,Other,Rest,Rest,Over 5 m,Over 5 m,Over 5 m,2-5 m,2-5 m,Over 5 m,Over 5 m,Over 5 m,Body contact,Body contact,Less than 2 m,2-5 m,2-5 m,Over 5 m,Over 5 m,Less than 2 m,,,,,,,,,Over 5 m,Over 5 m,Over 5 m,Over 5 m,Over 5 m,Over 5 m,Over 5 m,Over 5 m,2-5 m,2-5 m,2-5 m,Over 5 m,Over 5 m,Over 5 m,Over 5 m,Over 5 m,,06/17/2026 14:39:18,,methall@wisc.edu
06/16/2026 10:03 AM,Janis Joplin,Sunny,87,0,434,Affiliative - Contact sit,Pearl Hart,410,427,Stress-Related - Self-groom,,444,502,Stress-Related - Vigilance,,638,1115,Affiliative - Contact sit,Pearl Hart,640,717,Stress-Related - Vigilance,,817,835,Affiliative - Give grooming,Pearl Hart,842,917,Affiliative - Receive grooming,Pearl Hart,1025,1054,Stress-Related - Vigilance,,1132,1140,Stress-Related - Self-groom,,1149,1303,Stress-Related - Self-groom,,,,,,,,,,,,,,,,,,,,,,,,,,,,,,,,,,,,,,,,,,,,,,,,,,,,,,,,,,,,,,,,,,,,,,,,,,,,,,,,,,,,,,,,,,Rest,Rest,Rest,Rest,Rest,Rest,Other,Rest,Over 5 m,Over 5 m,Over 5 m,Over 5 m,Over 5 m,Over 5 m,Over 5 m,Over 5 m,Over 5 m,Over 5 m,Over 5 m,Over 5 m,Over 5 m,Over 5 m,2-5 m,2-5 m,Body contact,Body contact,Body contact,Less than 2 m,Body contact,Body contact,2-5 m,2-5 m,2-5 m,2-5 m,2-5 m,Over 5 m,Over 5 m,Over 5 m,Over 5 m,Over 5 m,,,,,,,,,,06/17/2026 14:39:03,,methall@wisc.edu
06/15/2026 11:42 AM,Janis Joplin,Sunny,82,452,512,Stress-Related - Vigilance,,512,530,Stress-Related - Self-groom,,543,610,Stress-Related - Vigilance,,1015,1022,Stress-Related - Vigilance,,1352,1357,Stress-Related - Vigilance,,,,,,,,,,,,,,,,,,,,,,,,,,,,,,,,,,,,,,,,,,,,,,,,,,,,,,,,,,,,,,,,,,,,,,,,,,,,,,,,,,,,,,,,,,,,,,,,,,,,,,,,,,,,,,Rest,Rest,Rest,Other,Rest,Rest,Rest,Rest,Over 5 m,Over 5 m,Over 5 m,Over 5 m,Over 5 m,Over 5 m,Over 5 m,Over 5 m,Over 5 m,Over 5 m,Over 5 m,Over 5 m,Over 5 m,Over 5 m,Over 5 m,Over 5 m,Over 5 m,Over 5 m,Over 5 m,Over 5 m,Over 5 m,Over 5 m,Over 5 m,Over 5 m,Over 5 m,Over 5 m,Over 5 m,Over 5 m,Over 5 m,Over 5 m,Over 5 m,Over 5 m,,,,,,,,,,06/15/2026 12:04:58,,methall@wisc.edu
06/15/2026 11:27 AM,Laurel,Sunny,82,0,320,Affiliative - Contact sit,Charlie Brown,0,202,Affiliative - Mutual grooming,Charlie Brown,239,246,Affiliative - Mutual grooming,,250,313,Stress-Related - Vigilance,,413,427,Affiliative - Contact sit,Delilah,417,427,Affiliative - Give grooming,Delilah,427,429,Submission - Be displaced,Pearl Hart,530,549,Stress-Related - Vigilance,,1245,1310,Stress-Related - Vigilance,,1310,1315,Stress-Related - Self-groom,,1315,1325,Stress-Related - Vigilance,,,,,,,,,,,,,,,,,,,,,,,,,,,,,,,,,,,,,,,,,,,,,,,,,,,,,,,,,,,,,,,,,,,,,,,,,,,,,,,,,,,,,,Social,Social,Rest,Rest,Rest,Rest,Rest,Rest,Less than 2 m,Less than 2 m,Less than 2 m,Less than 2 m,Less than 2 m,Less than 2 m,Less than 2 m,Less than 2 m,Body contact,Body contact,Less than 2 m,2-5 m,2-5 m,2-5 m,2-5 m,2-5 m,Less than 2 m,Less than 2 m,Less than 2 m,Less than 2 m,Less than 2 m,Less than 2 m,Less than 2 m,Less than 2 m,,,,,,,,,Over 5 m,Over 5 m,Over 5 m,Over 5 m,Over 5 m,Over 5 m,Over 5 m,Over 5 m,,06/15/2026 12:04:56,,methall@wisc.edu
06/15/2026 11:15 AM,Pearl Hart,Sunny,82,0,1352,Affiliative - Contact sit,Laurel,21,225,Affiliative - Give grooming,Laurel,420,428,Stress-Related - Self-groom,,901,940,Stress-Related - Vigilance,,,,,,,,,,,,,,,,,,,,,,,,,,,,,,,,,,,,,,,,,,,,,,,,,,,,,,,,,,,,,,,,,,,,,,,,,,,,,,,,,,,,,,,,,,,,,,,,,,,,,,,,,,,,,,,,,,Rest,Social,Rest,Rest,Rest,Rest,Rest,Rest,2-5 m,2-5 m,2-5 m,2-5 m,2-5 m,2-5 m,2-5 m,2-5 m,Less than 2 m,Less than 2 m,Less than 2 m,Less than 2 m,Less than 2 m,Less than 2 m,Less than 2 m,Less than 2 m,,,,,,,,,Body contact,Body contact,Body contact,Body contact,Body contact,Body contact,Body contact,Less than 2 m,Over 5 m,Over 5 m,Over 5 m,Over 5 m,Over 5 m,Over 5 m,Over 5 m,Over 5 m,,06/15/2026 12:04:55,,methall@wisc.edu
06/15/2026 11:09 AM,Delilah,Sunny,81,44,49,Stress-Related - Self-scratch,,49,58,Stress-Related - Vigilance,,58,107,Stress-Related - Self-groom,,,,,,,,,,,,,,,,,,,,,,,,,,,,,,,,,,,,,,,,,,,,,,,,,,,,,,,,,,,,,,,,,,,,,,,,,,,,,,,,,,,,,,,,,,,,,,,,,,,,,,,,,,,,,,,,,,,,,,Rest,Rest,Rest,Rest,Rest,Rest,Rest,Rest,,,,,,,,,Less than 2 m,Less than 2 m,Less than 2 m,Less than 2 m,Less than 2 m,Less than 2 m,Less than 2 m,Less than 2 m,Less than 2 m,Less than 2 m,Less than 2 m,Less than 2 m,Less than 2 m,Less than 2 m,Less than 2 m,Less than 2 m,2-5 m,2-5 m,2-5 m,Less than 2 m,2-5 m,2-5 m,2-5 m,Less than 2 m,Over 5 m,Over 5 m,Over 5 m,Over 5 m,Over 5 m,Over 5 m,Over 5 m,Over 5 m,,06/15/2026 12:04:53,,methall@wisc.edu
06/15/2026 10:56 AM,Janis Joplin,Sunny,81,,,,,,,,,,,,,,,,,,,,,,,,,,,,,,,,,,,,,,,,,,,,,,,,,,,,,,,,,,,,,,,,,,,,,,,,,,,,,,,,,,,,,,,,,,,,,,,,,,,,,,,,,,,,,,,,,,,,,,,,,,,,,,,,,Rest,Rest,Rest,Rest,Rest,Rest,Rest,Rest,Over 5 m,Over 5 m,Over 5 m,Over 5 m,Over 5 m,Over 5 m,Over 5 m,Over 5 m,Over 5 m,Over 5 m,Over 5 m,Over 5 m,Over 5 m,Over 5 m,Over 5 m,Over 5 m,Over 5 m,Over 5 m,Over 5 m,Over 5 m,Over 5 m,Over 5 m,Over 5 m,Over 5 m,Over 5 m,Over 5 m,Over 5 m,Over 5 m,Over 5 m,Over 5 m,Over 5 m,Over 5 m,,,,,,,,,,06/15/2026 12:04:51,,methall@wisc.edu
06/15/2026 10:47 AM,Laurel,Sunny,80,745,752,Stress-Related - Vigilance,,809,820,Stress-Related - Vigilance,,838,857,Stress-Related - Vigilance,,902,927,Affiliative - Contact sit,Delilah,904,925,Affiliative - Give grooming,Delilah,925,928,Submission - Be displaced,Janis Joplin,1002,1025,Stress-Related - Self-groom,,1047,1053,Stress-Related - Self-groom,,,,,,,,,,,,,,,,,,,,,,,,,,,,,,,,,,,,,,,,,,,,,,,,,,,,,,,,,,,,,,,,,,,,,,,,,,,,,,,,,,,,,,,,,,,,,,,,,,Rest,Rest,Rest,Rest,Rest,Other,Rest,Rest,Less than 2 m,Less than 2 m,Less than 2 m,Less than 2 m,Less than 2 m,2-5 m,2-5 m,2-5 m,Less than 2 m,Less than 2 m,Less than 2 m,Less than 2 m,Less than 2 m,Less than 2 m,Less than 2 m,Less than 2 m,2-5 m,2-5 m,2-5 m,2-5 m,2-5 m,Less than 2 m,Less than 2 m,Less than 2 m,,,,,,,,,2-5 m,2-5 m,2-5 m,2-5 m,2-5 m,2-5 m,Over 5 m,Over 5 m,,06/15/2026 12:04:48,,methall@wisc.edu
06/15/2026 10:37 AM,Pearl Hart,Sunny,80,851,946,Stress-Related - Self-groom,,1011,1254,Affiliative - Contact sit,Janis Joplin,1013,1054,Affiliative - Give grooming,Janis Joplin,,,,,,,,,,,,,,,,,,,,,,,,,,,,,,,,,,,,,,,,,,,,,,,,,,,,,,,,,,,,,,,,,,,,,,,,,,,,,,,,,,,,,,,,,,,,,,,,,,,,,,,,,,,,,,,,,,,,,Rest,Rest,Rest,Rest,Rest,Rest,Social,Rest,2-5 m,2-5 m,2-5 m,2-5 m,2-5 m,2-5 m,2-5 m,2-5 m,Less than 2 m,Less than 2 m,Less than 2 m,Less than 2 m,Less than 2 m,Less than 2 m,Less than 2 m,Less than 2 m,,,,,,,,,2-5 m,2-5 m,2-5 m,2-5 m,2-5 m,2-5 m,2-5 m,2-5 m,Less than 2 m,Less than 2 m,Less than 2 m,Less than 2 m,Less than 2 m,Less than 2 m,Body contact,Less than 2 m,,06/15/2026 12:04:46,,methall@wisc.edu
06/15/2026 10:22 AM,Delilah,Sunny,80,0,156,Affiliative - Contact sit,Laurel,0,145,Affiliative - Give grooming,Laurel,226,235,Stress-Related - Self-groom,,235,247,Stress-Related - Vigilance,,338,614,Stress-Related - Self-groom,,657,906,Stress-Related - Self-groom,,1324,1357,Stress-Related - Self-groom,,,,,,,,,,,,,,,,,,,,,,,,,,,,,,,,,,,,,,,,,,,,,,,,,,,,,,,,,,,,,,,,,,,,,,,,,,,,,,,,,,,,,,,,,,,,,,,,,,,,,,Social,Rest,Other,Other,Other,Rest,Rest,Rest,,,,,,,,,Over 5 m,Over 5 m,Over 5 m,Over 5 m,2-5 m,Less than 2 m,Less than 2 m,Less than 2 m,Less than 2 m,Less than 2 m,2-5 m,Less than 2 m,2-5 m,2-5 m,2-5 m,2-5 m,Body contact,Less than 2 m,Less than 2 m,Less than 2 m,Less than 2 m,Less than 2 m,Less than 2 m,Less than 2 m,Less than 2 m,Less than 2 m,2-5 m,2-5 m,2-5 m,Less than 2 m,Less than 2 m,Less than 2 m,,06/15/2026 12:04:43,,methall@wisc.edu
06/11/2026 01:36 PM,Laurel,Sunny,94,0,147,Affiliative - Contact sit,Pearl Hart,204,251,Affiliative - Contact sit,Pearl Hart,257,333,Stress-Related - Vigilance,,620,744,Affiliative - Mutual grooming,Janis Joplin,620,754,Affiliative - Contact sit,Janis Joplin,646,754,Affiliative - Contact sit,Pearl Hart,755,813,Affiliative - Contact sit,Delilah,900,1044,Stress-Related - Vigilance,,1122,1148,Stress-Related - Vigilance,,1317,1350,Stress-Related - Vigilance,,,,,,,,,,,,,,,,,,,,,,,,,,,,,,,,,,,,,,,,,,,,,,,,,,,,,,,,,,,,,,,,,,,,,,,,,,,,,,,,,,,,,,,,,,Rest,Rest,Rest,Rest,Rest,Other,Locomotion,Locomotion,2-5 m,Less than 2 m,Less than 2 m,Less than 2 m,Body contact,2-5 m,Over 5 m,Over 5 m,Over 5 m,Over 5 m,Over 5 m,Over 5 m,Over 5 m,Over 5 m,Over 5 m,Over 5 m,Body contact,Less than 2 m,Less than 2 m,Less than 2 m,Less than 2 m,2-5 m,Over 5 m,Over 5 m,,,,,,,,,Less than 2 m,Less than 2 m,Less than 2 m,Less than 2 m,Less than 2 m,2-5 m,Less than 2 m,Over 5 m,,06/11/2026 14:26:51,,methall@wisc.edu
06/11/2026 11:53 AM,Delilah,Sunny,89,43,238,Affiliative - Contact sit,Laurel,45,208,Affiliative - Give grooming,Laurel,339,342,Stress-Related - Self-scratch,,356,455,Affiliative - Contact sit,Charlie Brown,404,446,Affiliative - Mutual grooming,Charlie Brown,,,,,,,,,,,,,,,,,,,,,,,,,,,,,,,,,,,,,,,,,,,,,,,,,,,,,,,,,,,,,,,,,,,,,,,,,,,,,,,,,,,,,,,,,,,,,,,,,,,,,,,,,,,,,Rest,Social,Social,Rest,Rest,Rest,Rest,Rest,,,,,,,,,Less than 2 m,2-5 m,Body contact,Less than 2 m,Less than 2 m,Less than 2 m,Less than 2 m,Less than 2 m,2-5 m,2-5 m,2-5 m,Less than 2 m,Less than 2 m,Less than 2 m,Less than 2 m,Less than 2 m,Less than 2 m,Body contact,2-5 m,2-5 m,Over 5 m,Over 5 m,Over 5 m,Over 5 m,Over 5 m,Over 5 m,Over 5 m,Over 5 m,Over 5 m,Over 5 m,Over 5 m,Over 5 m,,06/11/2026 12:19:28,,methall@wisc.edu
06/11/2026 11:42 AM,Pearl Hart,Sunny,89,0,221,Affiliative - Contact sit,Charlie Brown,0,50,Affiliative - Mutual grooming,Charlie Brown,50,117,Affiliative - Receive grooming,Charlie Brown,117,138,Affiliative - Mutual grooming,Charlie Brown,144,150,Affiliative - Receive grooming,Charlie Brown,228,238,Stress-Related - Self-groom,,252,344,Stress-Related - Self-groom,,344,358,Stress-Related - Vigilance,,,,,,,,,,,,,,,,,,,,,,,,,,,,,,,,,,,,,,,,,,,,,,,,,,,,,,,,,,,,,,,,,,,,,,,,,,,,,,,,,,,,,,,,,,,,,,,,,,Social,Rest,Rest,Rest,Rest,Rest,Rest,Rest,Less than 2 m,Less than 2 m,2-5 m,2-5 m,2-5 m,2-5 m,2-5 m,2-5 m,Body contact,Body contact,Less than 2 m,Less than 2 m,Less than 2 m,Less than 2 m,Less than 2 m,Less than 2 m,,,,,,,,,2-5 m,2-5 m,Over 5 m,2-5 m,2-5 m,2-5 m,2-5 m,2-5 m,Over 5 m,Over 5 m,Over 5 m,Over 5 m,Over 5 m,Over 5 m,Over 5 m,Over 5 m,,06/11/2026 12:19:27,,methall@wisc.edu
06/11/2026 11:28 AM,Laurel,Sunny,89,122,130,Stress-Related - Self-groom,,146,151,Stress-Related - Self-groom,,237,246,Stress-Related - Self-groom,,250,310,Affiliative - Give grooming,Delilah,310,325,Affiliative - Contact sit,Delilah,311,325,Affiliative - Mutual grooming,Delilah,325,327,Submission - Be displaced,Janis Joplin,327,406,Affiliative - Give grooming,Charlie Brown,753,756,Stress-Related - Self-groom,,756,820,Stress-Related - Vigilance,,820,826,Stress-Related - Self-groom,,,,,,,,,,,,,,,,,,,,,,,,,,,,,,,,,,,,,,,,,,,,,,,,,,,,,,,,,,,,,,,,,,,,,,,,,,,,,,,,,,,,,,Rest,Rest,Social,Rest,Other,Rest,Rest,Rest,Over 5 m,Over 5 m,Less than 2 m,Less than 2 m,Less than 2 m,2-5 m,2-5 m,2-5 m,Over 5 m,Over 5 m,Body contact,Less than 2 m,2-5 m,2-5 m,2-5 m,2-5 m,2-5 m,2-5 m,Over 5 m,Over 5 m,Over 5 m,Over 5 m,2-5 m,2-5 m,,,,,,,,,Over 5 m,Over 5 m,Less than 2 m,2-5 m,Over 5 m,Over 5 m,Over 5 m,Over 5 m,,06/11/2026 12:19:25,,methall@wisc.edu
06/11/2026 10:55 AM,Janis Joplin,Sunny,89,30,150,Stress-Related - Vigilance,,408,248,Stress-Related - Vigilance,,441,556,Affiliative - Contact sit,Delilah,448,554,Affiliative - Mutual grooming,Delilah,607,612,Stress-Related - Self-groom,,620,646,Affiliative - Contact sit,Delilah,634,646,Affiliative - Mutual grooming,Delilah,906,1133,Affiliative - Contact sit,Charlie Brown,908,953,Affiliative - Mutual grooming,Charlie Brown,953,1053,Affiliative - Give grooming,Charlie Brown,1053,1059,Stress-Related - Self-groom,,1059,1122,Affiliative - Mutual grooming,,,,,,,,,,,,,,,,,,,,,,,,,,,,,,,,,,,,,,,,,,,,,,,,,,,,,,,,,,,,,,,,,,,,,,,,,,,,,,,,,,Rest,Rest,Rest,Other,Rest,Social,Rest,Rest,2-5 m,2-5 m,2-5 m,Less than 2 m,Less than 2 m,Over 5 m,2-5 m,2-5 m,Over 5 m,Over 5 m,Over 5 m,Over 5 m,Over 5 m,Body contact,Less than 2 m,2-5 m,Over 5 m,Over 5 m,Over 5 m,Over 5 m,Over 5 m,Over 5 m,Over 5 m,Over 5 m,Over 5 m,Over 5 m,Over 5 m,Over 5 m,Over 5 m,Over 5 m,Over 5 m,Over 5 m,,,,,,,,,,06/11/2026 12:19:24,,methall@wisc.edu
06/11/2026 10:40 AM,Delilah,Sunny,88,216,242,Stress-Related - Vigilance,,803,940,Stress-Related - Vigilance,,1122,1224,Stress-Related - Vigilance,,1224,1227,Stress-Related - Self-scratch,,1302,1309,Affiliative - Greet,Janis Joplin,1344,1348,Stress-Related - Self-scratch,,,,,,,,,,,,,,,,,,,,,,,,,,,,,,,,,,,,,,,,,,,,,,,,,,,,,,,,,,,,,,,,,,,,,,,,,,,,,,,,,,,,,,,,,,,,,,,,,,,,,,,,,,Rest,Rest,Rest,Rest,Other,Other,Other,Other,,,,,,,,,Over 5 m,Over 5 m,Over 5 m,Over 5 m,Over 5 m,Over 5 m,Over 5 m,Over 5 m,Over 5 m,Over 5 m,Over 5 m,Over 5 m,Over 5 m,Over 5 m,Over 5 m,Over 5 m,Over 5 m,Over 5 m,Over 5 m,Over 5 m,Over 5 m,Over 5 m,Over 5 m,Over 5 m,Over 5 m,Over 5 m,Over 5 m,Over 5 m,Over 5 m,Over 5 m,Over 5 m,2-5 m,,06/11/2026 12:19:23,,methall@wisc.edu
06/11/2026 10:25 AM,Pearl Hart,Sunny,88,322,351,Stress-Related - Vigilance,,946,1003,Stress-Related - Self-groom,,1003,1016,Stress-Related - Vigilance,,1016,1031,Stress-Related - Self-groom,,1038,1115,Affiliative - Contact sit,Janis Joplin,1041,1111,Affiliative - Give grooming,Janis Joplin,1150,1152,Stress-Related - Self-scratch,,1152,1155,Affiliative - Receive grooming,Janis Joplin,1155,1259,Stress-Related - Vigilance,,1440,1455,Stress-Related - Vigilance,,,,,,,,,,,,,,,,,,,,,,,,,,,,,,,,,,,,,,,,,,,,,,,,,,,,,,,,,,,,,,,,,,,,,,,,,,,,,,,,,,,,,,,,,,Rest,Rest,Rest,Rest,Rest,Other,Other,Rest,Over 5 m,Over 5 m,Over 5 m,Over 5 m,2-5 m,2-5 m,Over 5 m,Over 5 m,Over 5 m,Over 5 m,Over 5 m,Over 5 m,Over 5 m,Over 5 m,Over 5 m,Over 5 m,,,,,,,,,Over 5 m,Over 5 m,Over 5 m,Over 5 m,Over 5 m,Over 5 m,Over 5 m,Over 5 m,Less than 2 m,Less than 2 m,Less than 2 m,Less than 2 m,Less than 2 m,2-5 m,Less than 2 m,Less than 2 m,,06/11/2026 12:19:21,,methall@wisc.edu
06/11/2026 10:11 AM,Laurel,Sunny,88,336,351,Stress-Related - Vigilance,,351,355,Stress-Related - Self-scratch,,411,426,Stress-Related - Self-groom,,449,451,Stress-Related - Head throw-back,,506,511,Stress-Related - Self-groom,,536,538,Stress-Related - Head throw-back,,604,606,Stress-Related - Head throw-back,,611,624,Stress-Related - Self-groom,,640,642,Stress-Related - Head throw-back,,859,938,Stress-Related - Vigilance,,938,945,Stress-Related - Self-groom,,1001,1001,Stress-Related - Self-groom,,1007,1009,Stress-Related - Head throw-back,,,,,,,,,,,,,,,,,,,,,,,,,,,,,,,,,,,,,,,,,,,,,,,,,,,,,,,,,,,,,,,,,,,,,,,,,,,,,,Rest,Rest,Locomotion,Other,Rest,Other,Rest,Rest,Over 5 m,Over 5 m,Over 5 m,Over 5 m,Over 5 m,Over 5 m,Over 5 m,Over 5 m,Over 5 m,Over 5 m,Over 5 m,Over 5 m,Over 5 m,Over 5 m,Over 5 m,Over 5 m,Over 5 m,Over 5 m,Over 5 m,Over 5 m,Over 5 m,Over 5 m,Over 5 m,Over 5 m,,,,,,,,,Over 5 m,Over 5 m,Over 5 m,Over 5 m,Over 5 m,Over 5 m,Over 5 m,Over 5 m,,06/11/2026 12:19:19,,methall@wisc.edu
06/11/2026 09:56 AM,Janis Joplin,Sunny,88,34,37,Affiliative - Greet,Delilah,111,117,Stress-Related - Self-groom,,259,307,Affiliative - Greet,Delilah,331,343,Stress-Related - Vigilance,,343,448,Stress-Related - Self-groom,,457,543,Stress-Related - Self-groom,,551,602,Stress-Related - Vigilance,,602,608,Stress-Related - Self-groom,,608,638,Affiliative - Contact sit,Charlie Brown,609,636,Affiliative - Mutual grooming,Charlie Brown,638,728,Stress-Related - Vigilance,,745,906,Stress-Related - Vigilance,,923,936,Stress-Related - Vigilance,,1029,1038,Stress-Related - Self-groom,,1045,1050,Stress-Related - Self-groom,,1207,1214,Stress-Related - Vigilance,,,,,,,,,,,,,,,,,,,,,,,,,,,,,,,,,,,,,,,,,,,,,,,,,,,,,,,,,,,,,,,,,,Rest,Locomotion,Other,Other,Other,Rest,Rest,Rest,Over 5 m,Over 5 m,2-5 m,2-5 m,2-5 m,2-5 m,2-5 m,2-5 m,Over 5 m,Over 5 m,Over 5 m,2-5 m,Less than 2 m,Less than 2 m,Less than 2 m,Less than 2 m,Over 5 m,Over 5 m,2-5 m,2-5 m,2-5 m,2-5 m,2-5 m,2-5 m,Over 5 m,Over 5 m,Less than 2 m,2-5 m,Over 5 m,Over 5 m,Over 5 m,Over 5 m,,,,,,,,,,06/11/2026 12:19:18,,methall@wisc.edu
06/10/2026 11:08 AM,Laurel,Sunny,87,830,839,Stress-Related - Self-scratch,,839,847,Stress-Related - Self-groom,,847,849,Stress-Related - Yawn,,1030,1039,Stress-Related - Self-groom,,,,,,,,,,,,,,,,,,,,,,,,,,,,,,,,,,,,,,,,,,,,,,,,,,,,,,,,,,,,,,,,,,,,,,,,,,,,,,,,,,,,,,,,,,,,,,,,,,,,,,,,,,,,,,,,,,Rest,Rest,Rest,Rest,Rest,Rest,Rest,Rest,Over 5 m,Over 5 m,Over 5 m,Over 5 m,2-5 m,2-5 m,2-5 m,2-5 m,2-5 m,2-5 m,2-5 m,2-5 m,2-5 m,2-5 m,2-5 m,2-5 m,Less than 2 m,Less than 2 m,Less than 2 m,Less than 2 m,Less than 2 m,Less than 2 m,Less than 2 m,Less than 2 m,,,,,,,,,2-5 m,2-5 m,2-5 m,2-5 m,2-5 m,2-5 m,2-5 m,2-5 m,,06/11/2026 12:19:16,,methall@wisc.edu
06/10/2026 10:58 AM,Janis Joplin,Sunny,87,741,811,Stress-Related - Self-groom,,811,813,Stress-Related - Yawn,,951,958,Stress-Related - Vigilance,,958,1007,Stress-Related - Self-groom,,,,,,,,,,,,,,,,,,,,,,,,,,,,,,,,,,,,,,,,,,,,,,,,,,,,,,,,,,,,,,,,,,,,,,,,,,,,,,,,,,,,,,,,,,,,,,,,,,,,,,,,,,,,,,,,,,Rest,Rest,Rest,Rest,Other,Other,Rest,Rest,2-5 m,2-5 m,2-5 m,2-5 m,2-5 m,2-5 m,Less than 2 m,2-5 m,Less than 2 m,Less than 2 m,Less than 2 m,Less than 2 m,Less than 2 m,Less than 2 m,Less than 2 m,Less than 2 m,2-5 m,2-5 m,2-5 m,2-5 m,2-5 m,2-5 m,2-5 m,2-5 m,2-5 m,2-5 m,2-5 m,2-5 m,2-5 m,2-5 m,2-5 m,2-5 m,,,,,,,,,,06/11/2026 12:19:14,,methall@wisc.edu
06/10/2026 10:44 AM,Pearl Hart,Sunny,87,114,134,Stress-Related - Vigilance,,138,146,Stress-Related - Self-groom,,146,157,Stress-Related - Vigilance,,157,215,Stress-Related - Self-groom,,219,224,Affiliative - Contact sit,Laurel,239,248,Stress-Related - Self-groom,,258,303,Stress-Related - Self-groom,,813,937,Affiliative - Mutual grooming,Laurel,811,1133,Affiliative - Contact sit,Laurel,937,1040,Affiliative - Receive grooming,Laurel,1102,1104,Stress-Related - Yawn,,1225,1256,Stress-Related - Self-groom,,1304,1311,Stress-Related - Self-groom,,,,,,,,,,,,,,,,,,,,,,,,,,,,,,,,,,,,,,,,,,,,,,,,,,,,,,,,,,,,,,,,,,,,,,,,,,,,,,Rest,Other,Rest,Rest,Locomotion,Social,Rest,Rest,Over 5 m,Over 5 m,Over 5 m,Over 5 m,Over 5 m,Over 5 m,Over 5 m,Over 5 m,Over 5 m,Over 5 m,Over 5 m,Over 5 m,2-5 m,2-5 m,2-5 m,2-5 m,,,,,,,,,Less than 2 m,Less than 2 m,Less than 2 m,Over 5 m,2-5 m,Body contact,Less than 2 m,Less than 2 m,2-5 m,2-5 m,2-5 m,Over 5 m,2-5 m,2-5 m,2-5 m,2-5 m,,06/11/2026 12:19:12,,methall@wisc.edu
06/10/2026 10:29 AM,Delilah,Sunny,87,0,16,Stress-Related - Vigilance,,16,25,Stress-Related - Self-groom,,25,43,Stress-Related - Vigilance,,43,101,Stress-Related - Self-groom,,122,413,Affiliative - Mutual grooming,Pearl Hart,122,416,Affiliative - Contact sit,Pearl Hart,426,510,Stress-Related - Self-groom,,,,,,,,,,,,,,,,,,,,,,,,,,,,,,,,,,,,,,,,,,,,,,,,,,,,,,,,,,,,,,,,,,,,,,,,,,,,,,,,,,,,,,,,,,,,,,,,,,,,,,Other,Social,Social,Rest,Rest,Rest,Rest,Rest,,,,,,,,,2-5 m,2-5 m,2-5 m,2-5 m,2-5 m,2-5 m,2-5 m,2-5 m,Less than 2 m,Body contact,Body contact,2-5 m,Over 5 m,Over 5 m,Over 5 m,Over 5 m,Over 5 m,Over 5 m,Over 5 m,Over 5 m,Over 5 m,Over 5 m,Over 5 m,Over 5 m,Over 5 m,Over 5 m,Over 5 m,Over 5 m,Over 5 m,Over 5 m,Over 5 m,Over 5 m,,06/11/2026 12:19:09,,methall@wisc.edu
06/10/2026 10:14 AM,Laurel,Sunny,87,122,133,Stress-Related - Vigilance,,550,627,Stress-Related - Vigilance,,719,821,Stress-Related - Vigilance,,847,859,Stress-Related - Vigilance,,1114,1224,Stress-Related - Vigilance,,1234,1239,Stress-Related - Antipredator VOCALIZE,,1303,1305,Stress-Related - Antipredator VOCALIZE,,1329,1333,Stress-Related - Antipredator VOCALIZE,,1355,1415,Stress-Related - Antipredator VOCALIZE,,1234,1500,Stress-Related - Vigilance,,1435,1439,Stress-Related - Antipredator VOCALIZE,,,,,,,,,,,,,,,,,,,,,,,,,,,,,,,,,,,,,,,,,,,,,,,,,,,,,,,,,,,,,,,,,,,,,,,,,,,,,,,,,,,,,,Rest,Rest,Rest,Other,Other,Rest,Other,Other,Less than 2 m,Less than 2 m,Less than 2 m,Less than 2 m,Less than 2 m,Less than 2 m,Less than 2 m,Over 5 m,2-5 m,2-5 m,Over 5 m,Over 5 m,Over 5 m,Over 5 m,Over 5 m,Over 5 m,Over 5 m,Over 5 m,Over 5 m,Over 5 m,Over 5 m,Over 5 m,Over 5 m,Over 5 m,,,,,,,,,2-5 m,2-5 m,2-5 m,2-5 m,2-5 m,2-5 m,2-5 m,Over 5 m,,06/11/2026 12:19:07,,methall@wisc.edu
06/10/2026 10:02 AM,Janis Joplin,Sunny,87,218,227,Stress-Related - Self-groom,,238,316,Stress-Related - Self-groom,,,,,,,,,,,,,,,,,,,,,,,,,,,,,,,,,,,,,,,,,,,,,,,,,,,,,,,,,,,,,,,,,,,,,,,,,,,,,,,,,,,,,,,,,,,,,,,,,,,,,,,,,,,,,,,,,,,,,,,,,,Rest,Rest,Rest,Rest,Rest,Rest,Rest,Rest,Over 5 m,2-5 m,2-5 m,2-5 m,2-5 m,2-5 m,2-5 m,2-5 m,Less than 2 m,Less than 2 m,Less than 2 m,Less than 2 m,Less than 2 m,Less than 2 m,2-5 m,2-5 m,2-5 m,2-5 m,2-5 m,2-5 m,2-5 m,2-5 m,2-5 m,2-5 m,2-5 m,2-5 m,2-5 m,2-5 m,2-5 m,2-5 m,2-5 m,2-5 m,,,,,,,,,,06/11/2026 12:18:54,,methall@wisc.edu
06/10/2026 09:47 AM,Pearl Hart,Sunny,87,0,1140,Affiliative - Contact sit,Janis Joplin,225,308,Stress-Related - Vigilance,,321,338,Stress-Related - Vigilance,,538,617,Stress-Related - Vigilance,,617,626,Stress-Related - Self-groom,,626,638,Stress-Related - Vigilance,,1044,1051,Stress-Related - Self-groom,,1056,1125,Affiliative - Give grooming,Janis Joplin,1140,1220,Stress-Related - Self-groom,,1237,1249,Stress-Related - Self-groom,,1249,1259,Stress-Related - Vigilance,,,,,,,,,,,,,,,,,,,,,,,,,,,,,,,,,,,,,,,,,,,,,,,,,,,,,,,,,,,,,,,,,,,,,,,,,,,,,,,,,,,,,,Rest,Rest,Rest,Other,Rest,Rest,Other,Rest,Over 5 m,Over 5 m,Over 5 m,Over 5 m,Over 5 m,Over 5 m,Over 5 m,Over 5 m,Over 5 m,Over 5 m,Over 5 m,Over 5 m,2-5 m,2-5 m,2-5 m,2-5 m,,,,,,,,,Over 5 m,Over 5 m,Over 5 m,Over 5 m,Over 5 m,Over 5 m,Over 5 m,Over 5 m,Body contact,Body contact,Body contact,Body contact,Body contact,Body contact,2-5 m,2-5 m,,06/11/2026 12:18:52,,methall@wisc.edu
06/10/2026 09:30 AM,Delilah,Sunny,87,0,25,Affiliative - Contact sit,Pearl Hart,0,729,Stress-Related - Vigilance,,729,741,Stress-Related - Self-groom,,945,1023,Stress-Related - Vigilance,,1045,1057,Stress-Related - Self-groom,,1138,1158,Stress-Related - Self-groom,,1243,1248,Stress-Related - Self-groom,,,,,,,,,,,,,,,,,,,,,,,,,,,,,,,,,,,,,,,,,,,,,,,,,,,,,,,,,,,,,,,,,,,,,,,,,,,,,,,,,,,,,,,,,,,,,,,,,,,,,,Other,Other,Other,Other,Locomotion,Other,Other,Rest,,,,,,,,,Over 5 m,Over 5 m,Over 5 m,Over 5 m,Over 5 m,Over 5 m,Over 5 m,Over 5 m,Body contact,Less than 2 m,Less than 2 m,Less than 2 m,Over 5 m,Over 5 m,Over 5 m,Over 5 m,2-5 m,2-5 m,2-5 m,2-5 m,Over 5 m,2-5 m,2-5 m,2-5 m,Less than 2 m,Less than 2 m,Less than 2 m,Less than 2 m,Over 5 m,Over 5 m,Over 5 m,Over 5 m,,06/11/2026 12:18:50,,methall@wisc.edu
06/07/2026 11:04 AM,Delilah,Sunny,79,352,358,Stress-Related - Vigilance,,410,412,Stress-Related - Yawn,,412,421,Stress-Related - Self-groom,,646,656,Stress-Related - Self-groom,,1101,1110,Stress-Related - Vigilance,,1110,1125,Stress-Related - Self-groom,,,,,,,,,,,,,,,,,,,,,,,,,,,,,,,,,,,,,,,,,,,,,,,,,,,,,,,,,,,,,,,,,,,,,,,,,,,,,,,,,,,,,,,,,,,,,,,,,,,,,,,,,,Rest,Rest,Other,Rest,Rest,Rest,Rest,Rest,,,,,,,,,Over 5 m,Over 5 m,Over 5 m,Over 5 m,Over 5 m,Over 5 m,Over 5 m,Over 5 m,2-5 m,2-5 m,2-5 m,2-5 m,2-5 m,Less than 2 m,Less than 2 m,Less than 2 m,2-5 m,2-5 m,2-5 m,2-5 m,2-5 m,2-5 m,2-5 m,2-5 m,Less than 2 m,Less than 2 m,Less than 2 m,Less than 2 m,Less than 2 m,Less than 2 m,2-5 m,2-5 m,,06/07/2026 11:56:40,,methall@wisc.edu
06/07/2026 10:48 AM,Pearl Hart,Sunny,79,22,29,Stress-Related - Self-groom,,47,155,Affiliative - Give grooming,Janis Joplin,54,233,Affiliative - Contact sit,Janis Joplin,311,326,Stress-Related - Self-groom,,748,916,Affiliative - Contact sit,Janis Joplin,1045,1128,Affiliative - Mutual grooming,Janis Joplin,1130,1136,Affiliative - Give grooming,Janis Joplin,1136,1151,Affiliative - Mutual grooming,Janis Joplin,1151,1253,Affiliative - Give grooming,Janis Joplin,1045,1500,Affiliative - Contact sit,Janis Joplin,1320,1353,Stress-Related - Vigilance,,,,,,,,,,,,,,,,,,,,,,,,,,,,,,,,,,,,,,,,,,,,,,,,,,,,,,,,,,,,,,,,,,,,,,,,,,,,,,,,,,,,,,Rest,Other,Rest,Rest,Rest,Rest,Social,Rest,Over 5 m,2-5 m,2-5 m,2-5 m,2-5 m,2-5 m,2-5 m,2-5 m,2-5 m,Over 5 m,Over 5 m,Over 5 m,Over 5 m,Over 5 m,Over 5 m,Over 5 m,,,,,,,,,2-5 m,2-5 m,2-5 m,2-5 m,2-5 m,2-5 m,2-5 m,2-5 m,Over 5 m,Body contact,Less than 2 m,Less than 2 m,Body contact,2-5 m,Body contact,Body contact,,06/07/2026 11:56:38,,methall@wisc.edu
06/07/2026 10:31 AM,Laurel,Sunny,79,38,40,Submission - Be displaced,Janis Joplin,51,229,Affiliative - Mutual grooming,Charlie Brown,51,351,Affiliative - Contact sit,Charlie Brown,249,334,Affiliative - Receive grooming,Charlie Brown,334,344,Affiliative - Mutual grooming,Charlie Brown,913,954,Stress-Related - Self-groom,,1020,1024,Stress-Related - Yawn,,1310,1313,Stress-Related - Vigilance,,,,,,,,,,,,,,,,,,,,,,,,,,,,,,,,,,,,,,,,,,,,,,,,,,,,,,,,,,,,,,,,,,,,,,,,,,,,,,,,,,,,,,,,,,,,,,,,,,Rest,Social,Rest,Rest,Rest,Rest,Rest,Rest,Over 5 m,Over 5 m,Over 5 m,Over 5 m,Over 5 m,Over 5 m,Over 5 m,Over 5 m,2-5 m,Body contact,Less than 2 m,Less than 2 m,Less than 2 m,Less than 2 m,Less than 2 m,Less than 2 m,2-5 m,2-5 m,2-5 m,2-5 m,2-5 m,2-5 m,2-5 m,2-5 m,,,,,,,,,2-5 m,2-5 m,2-5 m,2-5 m,2-5 m,2-5 m,Over 5 m,Over 5 m,,06/07/2026 11:56:36,,methall@wisc.edu
06/07/2026 10:15 AM,Janis Joplin,Sunny,79,0,259,Stress-Related - Vigilance,,40,155,Stress-Related - Antipredator VOCALIZE,,345,356,Stress-Related - Self-groom,,356,410,Stress-Related - Vigilance,,410,415,Stress-Related - Self-scratch,,415,436,Stress-Related - Vigilance,,445,457,Stress-Related - Self-groom,,457,506,Stress-Related - Vigilance,,506,515,Stress-Related - Self-groom,,515,629,Stress-Related - Vigilance,,629,636,Stress-Related - Self-groom,,639,719,Stress-Related - Vigilance,,719,802,Stress-Related - Self-groom,,802,816,Stress-Related - Vigilance,,900,914,Affiliative - Mutual grooming,Pearl Hart,914,943,Affiliative - Receive grooming,Pearl Hart,943,951,Affiliative - Mutual grooming,Pearl Hart,951,959,Affiliative - Receive grooming,Pearl Hart,959,1025,Affiliative - Mutual grooming,Pearl Hart,1034,1044,Affiliative - Receive grooming,Pearl Hart,1044,1154,Affiliative - Mutual grooming,Pearl Hart,1044,1211,Affiliative - Contact sit,Pearl Hart,,,,,,,,,,,,,,,,,,,,,,,,,,,,,,,,,,,,,,,,,Other,Locomotion,Other,Other,Other,Social,Rest,Rest,Over 5 m,Over 5 m,2-5 m,2-5 m,Over 5 m,Over 5 m,Over 5 m,Over 5 m,Over 5 m,2-5 m,Over 5 m,Over 5 m,Over 5 m,Over 5 m,Over 5 m,Over 5 m,2-5 m,2-5 m,Over 5 m,Over 5 m,Over 5 m,Body contact,Body contact,2-5 m,Over 5 m,Over 5 m,Over 5 m,2-5 m,Over 5 m,Over 5 m,Over 5 m,Over 5 m,,,,,,,,,,06/07/2026 11:56:34,,methall@wisc.edu
06/03/2026 10:42 AM,Janis Joplin,Sunny,85,0,1500,Affiliative - Contact sit,"Delilah, Pearl Hart",,,,,,,,,,,,,,,,,,,,,,,,,,,,,,,,,,,,,,,,,,,,,,,,,,,,,,,,,,,,,,,,,,,,,,,,,,,,,,,,,,,,,,,,,,,,,,,,,,,,,,,,,,,,,,,,,,,,,,,,,,,,,Rest,Rest,Rest,Rest,Rest,Rest,Rest,Rest,Body contact,Body contact,Body contact,Body contact,Body contact,Body contact,Body contact,Body contact,Over 5 m,Over 5 m,Over 5 m,Over 5 m,Over 5 m,Over 5 m,Over 5 m,Over 5 m,Body contact,Body contact,Body contact,Body contact,Body contact,Body contact,Body contact,Body contact,Over 5 m,Over 5 m,Over 5 m,Over 5 m,Over 5 m,Over 5 m,Over 5 m,Over 5 m,,,,,,,,,,06/03/2026 11:01:51,,methall@wisc.edu
06/03/2026 10:28 AM,Laurel,Sunny,85,0,10,Affiliative - Receive grooming,Charlie Brown,10,19,Affiliative - Give grooming,Charlie Brown,52,106,Affiliative - Contact sit,Charlie Brown,756,808,Stress-Related - Vigilance,,,,,,,,,,,,,,,,,,,,,,,,,,,,,,,,,,,,,,,,,,,,,,,,,,,,,,,,,,,,,,,,,,,,,,,,,,,,,,,,,,,,,,,,,,,,,,,,,,,,,,,,,,,,,,,,,,Social,Rest,Rest,Rest,Other,Rest,Rest,Rest,Over 5 m,Over 5 m,Over 5 m,Over 5 m,Over 5 m,Over 5 m,Over 5 m,Over 5 m,Body contact,Over 5 m,Over 5 m,Over 5 m,Over 5 m,Over 5 m,Over 5 m,Over 5 m,Over 5 m,Over 5 m,Over 5 m,Over 5 m,Over 5 m,Over 5 m,Over 5 m,Over 5 m,,,,,,,,,Over 5 m,Over 5 m,Over 5 m,Over 5 m,Over 5 m,Over 5 m,Over 5 m,Over 5 m,,06/03/2026 11:01:49,,methall@wisc.edu
06/03/2026 10:13 AM,Pearl Hart,Sunny,85,0,37,Affiliative - Mutual grooming,Janis Joplin,120,1500,Affiliative - Contact sit,Janis Joplin,339,352,Affiliative - Receive grooming,Janis Joplin,439,456,Affiliative - Give grooming,Janis Joplin,645,657,Stress-Related - Vigilance,,,,,,,,,,,,,,,,,,,,,,,,,,,,,,,,,,,,,,,,,,,,,,,,,,,,,,,,,,,,,,,,,,,,,,,,,,,,,,,,,,,,,,,,,,,,,,,,,,,,,,,,,,,,,,Social,Rest,Rest,Rest,Rest,Rest,Rest,Rest,Less than 2 m,Less than 2 m,Less than 2 m,Less than 2 m,Less than 2 m,Less than 2 m,Less than 2 m,Less than 2 m,Over 5 m,Over 5 m,Over 5 m,Over 5 m,Over 5 m,Over 5 m,Over 5 m,Over 5 m,,,,,,,,,Over 5 m,Over 5 m,Over 5 m,Over 5 m,Over 5 m,Over 5 m,Over 5 m,Over 5 m,Body contact,Body contact,Body contact,Body contact,Body contact,Body contact,Body contact,Body contact,,06/03/2026 11:01:48,,methall@wisc.edu
06/03/2026 09:49 AM,Delilah,Sunny,85,39,43,Affiliative - Greet,Janis Joplin,57,106,Stress-Related - Self-groom,,148,230,Stress-Related - Vigilance,,236,308,Affiliative - Receive grooming,Pearl Hart,308,420,Affiliative - Mutual grooming,Pearl Hart,236,628,Affiliative - Contact sit,Pearl Hart,441,509,Affiliative - Receive grooming,Pearl Hart,509,625,Affiliative - Mutual grooming,Pearl Hart,726,735,Stress-Related - Self-groom,,747,1016,Stress-Related - Self-groom,,1032,1046,Stress-Related - Self-groom,,1047,1104,Affiliative - Give grooming,Janis Joplin,1115,1118,Stress-Related - Self-scratch,,1128,1155,Stress-Related - Self-groom,,1223,1500,Affiliative - Contact sit,Pearl Hart,1322,1500,Affiliative - Mutual grooming,Pearl Hart,,,,,,,,,,,,,,,,,,,,,,,,,,,,,,,,,,,,,,,,,,,,,,,,,,,,,,,,,,,,,,,,,Other,Locomotion,Social,Social,Other,Other,Other,Social,,,,,,,,,Body contact,Over 5 m,Over 5 m,Over 5 m,Over 5 m,Over 5 m,Over 5 m,Over 5 m,2-5 m,Over 5 m,Body contact,Body contact,Over 5 m,Over 5 m,Less than 2 m,Body contact,Over 5 m,Over 5 m,Over 5 m,Over 5 m,Over 5 m,Over 5 m,Over 5 m,Over 5 m,2-5 m,Less than 2 m,2-5 m,2-5 m,2-5 m,2-5 m,2-5 m,2-5 m,,06/03/2026 11:01:47,,methall@wisc.edu
05/28/2026 02:05 PM,Janis Joplin,Light Rain,90,0,52,Stress-Related - Vigilance,,52,100,Stress-Related - Self-groom,,100,113,Stress-Related - Self-groom,,135,152,Affiliative - Contact sit,Pearl Hart,152,233,Stress-Related - Vigilance,,302,321,Affiliative - Contact sit,Pearl Hart,321,337,Affiliative - Mutual grooming,Charlie Brown,337,352,Affiliative - Receive grooming,Charlie Brown,352,413,Affiliative - Mutual grooming,,321,642,Affiliative - Contact sit,Charlie Brown,413,525,Affiliative - Give grooming,Charlie Brown,501,523,Affiliative - Contact sit,Pearl Hart,545,626,Stress-Related - Self-groom,,642,1009,Affiliative - Contact sit,Pearl Hart,716,728,Affiliative - Give grooming,Pearl Hart,728,754,Stress-Related - Self-groom,,803,816,Stress-Related - Self-groom,,1153,1202,Stress-Related - Vigilance,,1202,1208,Stress-Related - Self-groom,,1153,1500,Affiliative - Contact sit,Pearl Hart,1305,1313,Stress-Related - Vigilance,,1313,1318,Stress-Related - Self-scratch,,1335,1414,Stress-Related - Self-groom,,1425,1450,Affiliative - Give grooming,Pearl Hart,,,,,,,,,,,,,,,,,,,,,,,,,,,,,,,,,Other,Other,Social,Other,Other,Rest,Other,Other,2-5 m,2-5 m,Less than 2 m,2-5 m,2-5 m,2-5 m,2-5 m,2-5 m,2-5 m,2-5 m,Body contact,Body contact,Less than 2 m,Less than 2 m,Less than 2 m,Less than 2 m,Less than 2 m,2-5 m,Less than 2 m,Less than 2 m,Body contact,Body contact,Body contact,Body contact,2-5 m,2-5 m,Less than 2 m,Less than 2 m,Less than 2 m,Less than 2 m,Less than 2 m,Less than 2 m,,,,,,,,,,05/29/2026 14:35:19,,methall@wisc.edu
05/28/2026 10:46 AM,Laurel,Sunny,83,0,26,Stress-Related - Self-groom,,316,443,Stress-Related - Vigilance,,415,417,Stress-Related - Head throw-back,,821,834,Stress-Related - Vigilance,,1117,1125,Stress-Related - Vigilance,,,,,,,,,,,,,,,,,,,,,,,,,,,,,,,,,,,,,,,,,,,,,,,,,,,,,,,,,,,,,,,,,,,,,,,,,,,,,,,,,,,,,,,,,,,,,,,,,,,,,,,,,,,,,,Other,Rest,Other,Rest,Rest,Rest,Rest,Rest,2-5 m,2-5 m,2-5 m,2-5 m,2-5 m,2-5 m,2-5 m,2-5 m,Over 5 m,Over 5 m,Over 5 m,Over 5 m,Over 5 m,Over 5 m,Over 5 m,Over 5 m,Over 5 m,Over 5 m,Over 5 m,Over 5 m,Over 5 m,Over 5 m,Over 5 m,Over 5 m,,,,,,,,,Over 5 m,Over 5 m,Over 5 m,Over 5 m,Over 5 m,Over 5 m,Over 5 m,Over 5 m,,05/29/2026 14:35:08,,methall@wisc.edu
05/28/2026 02:52 PM,Delilah,Light Rain,90,,,,,,,,,,,,,,,,,,,,,,,,,,,,,,,,,,,,,,,,,,,,,,,,,,,,,,,,,,,,,,,,,,,,,,,,,,,,,,,,,,,,,,,,,,,,,,,,,,,,,,,,,,,,,,,,,,,,,,,,,,,,,,,,,Rest,Rest,Rest,Rest,Rest,Rest,Rest,Rest,,,,,,,,,Over 5 m,Over 5 m,Over 5 m,Over 5 m,Over 5 m,Over 5 m,Over 5 m,Over 5 m,Over 5 m,Over 5 m,Over 5 m,Over 5 m,Over 5 m,Over 5 m,Over 5 m,Over 5 m,2-5 m,2-5 m,2-5 m,2-5 m,2-5 m,2-5 m,2-5 m,2-5 m,Over 5 m,Over 5 m,Over 5 m,Over 5 m,Over 5 m,Over 5 m,Over 5 m,Over 5 m,,05/28/2026 16:17:58,,methall@wisc.edu
05/28/2026 02:36 PM,Pearl Hart,Light Rain,90,0,1500,Affiliative - Contact sit,Janis Joplin,127,129,Stress-Related - Yawn,,252,528,Stress-Related - Self-scratch,,315,337,Stress-Related - Self-groom,,433,437,Stress-Related - Vigilance,,,,,,,,,,,,,,,,,,,,,,,,,,,,,,,,,,,,,,,,,,,,,,,,,,,,,,,,,,,,,,,,,,,,,,,,,,,,,,,,,,,,,,,,,,,,,,,,,,,,,,,,,,,,,,Rest,Rest,Rest,Rest,Social,Rest,Rest,Rest,Over 5 m,Over 5 m,Over 5 m,Over 5 m,Over 5 m,Over 5 m,Over 5 m,Over 5 m,2-5 m,2-5 m,2-5 m,2-5 m,2-5 m,2-5 m,2-5 m,2-5 m,,,,,,,,,Over 5 m,Over 5 m,Over 5 m,Over 5 m,Over 5 m,Over 5 m,Over 5 m,Over 5 m,Body contact,Body contact,Body contact,Body contact,Body contact,Body contact,Body contact,Body contact,,05/28/2026 16:17:57,,methall@wisc.edu
05/28/2026 02:21 PM,Laurel,Light Rain,90,0,443,Affiliative - Contact sit,Pearl Hart,32,49,Affiliative - Receive grooming,Pearl Hart,49,129,Affiliative - Give grooming,Pearl Hart,129,149,Affiliative - Mutual grooming,Pearl Hart,254,259,Stress-Related - Self-groom,,338,426,Stress-Related - Self-groom,,444,503,Stress-Related - Self-groom,,544,552,Stress-Related - Vigilance,,648,707,Stress-Related - Self-groom,,707,713,Stress-Related - Vigilance,,713,730,Stress-Related - Self-groom,,730,746,Stress-Related - Vigilance,,746,752,Stress-Related - Self-scratch,,839,845,Stress-Related - Self-groom,,845,917,Stress-Related - Vigilance,,902,904,Stress-Related - Head throw-back,,,,,,,,,,,,,,,,,,,,,,,,,,,,,,,,,,,,,,,,,,,,,,,,,,,,,,,,,,,,,,,,,,Rest,Rest,Other,Rest,Locomotion,Rest,Rest,Rest,2-5 m,2-5 m,2-5 m,Over 5 m,Over 5 m,Over 5 m,2-5 m,2-5 m,2-5 m,2-5 m,2-5 m,Over 5 m,Over 5 m,Over 5 m,Over 5 m,Over 5 m,Body contact,Body contact,Body contact,Over 5 m,Over 5 m,Over 5 m,Over 5 m,Over 5 m,,,,,,,,,Less than 2 m,Less than 2 m,Less than 2 m,Over 5 m,Over 5 m,Over 5 m,Over 5 m,Over 5 m,,05/28/2026 16:17:55,,methall@wisc.edu
05/28/2026 11:01 AM,Janis Joplin,Sunny,83,0,1223,Affiliative - Contact sit,Pearl Hart,1053,1114,Affiliative - Mutual grooming,Pearl Hart,1114,1138,Affiliative - Receive grooming,Pearl Hart,1213,1216,Stress-Related - Vigilance,,1234,1238,Stress-Related - Self-groom,,1238,1302,Stress-Related - Vigilance,,1312,1329,Affiliative - Give grooming,Delilah,1329,1347,Affiliative - Mutual grooming,Delilah,1347,1420,Affiliative - Give grooming,Delilah,1312,1500,Affiliative - Contact sit,Delilah,1420,1425,Stress-Related - Self-scratch,,1225,1500,Affiliative - Give grooming,Delilah,,,,,,,,,,,,,,,,,,,,,,,,,,,,,,,,,,,,,,,,,,,,,,,,,,,,,,,,,,,,,,,,,,,,,,,,,,,,,,,,,Rest,Rest,Rest,Rest,Rest,Rest,Rest,Social,Over 5 m,Over 5 m,Over 5 m,Over 5 m,Over 5 m,Over 5 m,Over 5 m,Body contact,2-5 m,2-5 m,2-5 m,2-5 m,2-5 m,2-5 m,2-5 m,Over 5 m,Body contact,Body contact,Body contact,Body contact,Body contact,Body contact,Body contact,Over 5 m,Over 5 m,Over 5 m,Over 5 m,Over 5 m,Over 5 m,Over 5 m,Over 5 m,2-5 m,,,,,,,,,,05/28/2026 15:45:06,,methall@wisc.edu
05/28/2026 10:30 AM,Pearl Hart,Sunny,83,0,34,Stress-Related - Vigilance,,34,40,Stress-Related - Self-groom,,40,122,Stress-Related - Vigilance,,217,224,Stress-Related - Self-groom,,224,241,Stress-Related - Vigilance,,241,249,Stress-Related - Self-groom,,410,453,Stress-Related - Vigilance,,555,606,Stress-Related - Vigilance,,606,623,Stress-Related - Self-groom,,645,725,Affiliative - Mutual grooming,Janis Joplin,725,741,Affiliative - Give grooming,Janis Joplin,645,751,Affiliative - Contact sit,Janis Joplin,857,901,Stress-Related - Self-groom,,1014,1025,Affiliative - Contact sit,Charlie Brown,1032,1045,Stress-Related - Self-groom,,1057,1102,Stress-Related - Self-scratch,,1102,1120,Stress-Related - Self-groom,,1120,1253,Affiliative - Contact sit,Janis Joplin,1158,1223,Affiliative - Give grooming,Janis Joplin,1405,1414,Stress-Related - Self-scratch,,,,,,,,,,,,,,,,,,,,,,,,,,,,,,,,,,,,,,,,,,,,,,,,,,Other,Rest,Rest,Other,Social,Other,Social,Rest,Over 5 m,Over 5 m,Over 5 m,Over 5 m,Over 5 m,Over 5 m,Over 5 m,Over 5 m,Over 5 m,Over 5 m,Over 5 m,Over 5 m,2-5 m,Less than 2 m,Over 5 m,Less than 2 m,,,,,,,,,2-5 m,2-5 m,2-5 m,2-5 m,2-5 m,Over 5 m,Over 5 m,Over 5 m,Less than 2 m,Less than 2 m,Less than 2 m,Less than 2 m,Less than 2 m,Less than 2 m,Body contact,2-5 m,,05/28/2026 12:29:12,,methall@wisc.edu
05/28/2026 10:13 AM,Delilah,Sunny,83,0,13,Affiliative - Greet,Janis Joplin,13,20,Stress-Related - Self-groom,,32,57,Stress-Related - Self-groom,,57,105,Stress-Related - Self-scratch,,105,145,Stress-Related - Self-groom,,130,201,Affiliative - Receive grooming,Janis Joplin,206,234,Affiliative - Mutual grooming,Janis Joplin,356,402,Stress-Related - Vigilance,,408,426,Affiliative - Mutual grooming,Janis Joplin,408,426,Affiliative - Contact sit,Janis Joplin,611,620,Stress-Related - Self-groom,,623,641,Affiliative - Mutual grooming,Pearl Hart,623,641,Affiliative - Contact sit,Pearl Hart,641,703,Stress-Related - Vigilance,,703,739,Stress-Related - Self-scratch,,739,816,Stress-Related - Vigilance,,816,830,Stress-Related - Self-groom,,830,927,Stress-Related - Vigilance,,935,1029,Stress-Related - Vigilance,,,,,,,,,,,,,,,,,,,,,,,,,,,,,,,,,,,,,,,,,,,,,,,,,,,,,,Social,Social,Other,Rest,Other,Other,Rest,Rest,,,,,,,,,Over 5 m,Over 5 m,Over 5 m,Over 5 m,Over 5 m,Over 5 m,Over 5 m,Over 5 m,Less than 2 m,Less than 2 m,Less than 2 m,Less than 2 m,2-5 m,2-5 m,2-5 m,2-5 m,Over 5 m,Over 5 m,2-5 m,2-5 m,2-5 m,2-5 m,2-5 m,2-5 m,Body contact,Body contact,Less than 2 m,2-5 m,2-5 m,2-5 m,Over 5 m,Over 5 m,,05/28/2026 12:12:13,,methall@wisc.edu
05/27/2026 12:11 PM,Delilah,Sunny,82,137,247,Affiliative - Receive grooming,Laurel,247,717,Affiliative - Contact sit,Laurel,602,607,Stress-Related - Vigilance,,842,847,Stress-Related - Self-scratch,,,,,,,,,,,,,,,,,,,,,,,,,,,,,,,,,,,,,,,,,,,,,,,,,,,,,,,,,,,,,,,,,,,,,,,,,,,,,,,,,,,,,,,,,,,,,,,,,,,,,,,,,,,,,,,,,,Rest,Social,Rest,Rest,Rest,Rest,Rest,Rest,,,,,,,,,Less than 2 m,Less than 2 m,Less than 2 m,Less than 2 m,Less than 2 m,Less than 2 m,Less than 2 m,Less than 2 m,2-5 m,2-5 m,2-5 m,2-5 m,2-5 m,Less than 2 m,Less than 2 m,Less than 2 m,2-5 m,Body contact,Body contact,Body contact,2-5 m,2-5 m,2-5 m,2-5 m,Less than 2 m,Less than 2 m,Less than 2 m,Less than 2 m,Less than 2 m,Less than 2 m,Less than 2 m,Less than 2 m,,05/27/2026 12:37:56,,methall@wisc.edu
05/27/2026 11:56 AM,Laurel,Sunny,82,58,102,Stress-Related - Self-groom,,1126,1131,Stress-Related - Yawn,,1131,1149,Stress-Related - Self-groom,,1149,1151,Stress-Related - Yawn,,1151,1214,Stress-Related - Vigilance,,1301,1351,Stress-Related - Vigilance,,,,,,,,,,,,,,,,,,,,,,,,,,,,,,,,,,,,,,,,,,,,,,,,,,,,,,,,,,,,,,,,,,,,,,,,,,,,,,,,,,,,,,,,,,,,,,,,,,,,,,,,,,Rest,Rest,Rest,Rest,Rest,Rest,Other,Rest,Over 5 m,Over 5 m,Over 5 m,Over 5 m,Over 5 m,Over 5 m,Over 5 m,2-5 m,Over 5 m,Over 5 m,Over 5 m,Over 5 m,Over 5 m,Over 5 m,Over 5 m,2-5 m,Over 5 m,Over 5 m,Over 5 m,Over 5 m,Over 5 m,Over 5 m,Over 5 m,2-5 m,,,,,,,,,Over 5 m,Over 5 m,Over 5 m,Over 5 m,Over 5 m,Over 5 m,Over 5 m,2-5 m,,05/27/2026 12:37:55,,methall@wisc.edu
05/27/2026 11:39 AM,Janis Joplin,Sunny,82,0,37,Affiliative - Contact sit,Pearl Hart,45,49,Stress-Related - Self-scratch,,109,146,Stress-Related - Self-groom,,146,200,Stress-Related - Vigilance,,519,527,Stress-Related - Vigilance,,1053,1100,Submission - Be displaced,Pearl Hart,1100,1107,Affiliative - Greet,Delilah,,,,,,,,,,,,,,,,,,,,,,,,,,,,,,,,,,,,,,,,,,,,,,,,,,,,,,,,,,,,,,,,,,,,,,,,,,,,,,,,,,,,,,,,,,,,,,,,,,,,,Rest,Rest,Rest,Rest,Rest,Rest,Rest,Rest,2-5 m,Less than 2 m,Less than 2 m,Less than 2 m,Less than 2 m,Less than 2 m,Less than 2 m,Less than 2 m,Less than 2 m,Less than 2 m,Less than 2 m,Less than 2 m,Less than 2 m,Less than 2 m,Less than 2 m,Less than 2 m,Body contact,2-5 m,2-5 m,Less than 2 m,Less than 2 m,Less than 2 m,Less than 2 m,Less than 2 m,Over 5 m,Over 5 m,Over 5 m,Over 5 m,Over 5 m,Over 5 m,Over 5 m,Over 5 m,,,,,,,,,,05/27/2026 12:37:53,,methall@wisc.edu
05/27/2026 11:12 AM,Pearl Hart,Cloudy,82,0,25,Affiliative - Mutual grooming,Charlie Brown,0,40,Affiliative - Contact sit,Charlie Brown,25,104,Affiliative - Contact sit,Janis Joplin,25,30,Stress-Related - Self-groom,,524,549,Affiliative - Receive grooming,Janis Joplin,524,611,Affiliative - Contact sit,Janis Joplin,600,606,Stress-Related - Self-groom,,622,627,Affiliative - Contact sit,Janis Joplin,727,1500,Affiliative - Contact sit,Janis Joplin,1002,1009,Stress-Related - Self-groom,,1010,1012,Agonistic - Other,Janis Joplin,1015,1126,Affiliative - Receive grooming,Janis Joplin,1209,1252,Affiliative - Receive grooming,Janis Joplin,1315,1344,Stress-Related - Vigilance,,,,,,,,,,,,,,,,,,,,,,,,,,,,,,,,,,,,,,,,,,,,,,,,,,,,,,,,,,,,,,,,,,,,,,,,,,Social,Rest,Rest,Other,Rest,Rest,Social,Rest,2-5 m,2-5 m,2-5 m,2-5 m,2-5 m,2-5 m,2-5 m,2-5 m,Body contact,Less than 2 m,Less than 2 m,Less than 2 m,Less than 2 m,Less than 2 m,Less than 2 m,Less than 2 m,,,,,,,,,Over 5 m,Over 5 m,Over 5 m,Over 5 m,Over 5 m,Over 5 m,Over 5 m,Over 5 m,Less than 2 m,Less than 2 m,Less than 2 m,Body contact,Body contact,Body contact,Body contact,Body contact,Other is push (PH pushed JJ),05/27/2026 12:37:51,,methall@wisc.edu
05/27/2026 10:55 AM,Delilah,Cloudy,80,0,10,Stress-Related - Vigilance,,811,848,Affiliative - Contact sit,Janis Joplin,811,848,Affiliative - Receive grooming,Janis Joplin,908,910,Affiliative - Greet,Laurel,1000,1031,Stress-Related - Vigilance,,1131,1152,Stress-Related - Vigilance,,,,,,,,,,,,,,,,,,,,,,,,,,,,,,,,,,,,,,,,,,,,,,,,,,,,,,,,,,,,,,,,,,,,,,,,,,,,,,,,,,,,,,,,,,,,,,,,,,,,,,,,,,Other,Rest,Rest,Rest,Rest,Other,Rest,Social,,,,,,,,,Over 5 m,Over 5 m,Over 5 m,Over 5 m,Over 5 m,2-5 m,2-5 m,2-5 m,Over 5 m,Over 5 m,Over 5 m,Over 5 m,2-5 m,2-5 m,2-5 m,2-5 m,Over 5 m,Over 5 m,Over 5 m,Over 5 m,Over 5 m,Over 5 m,Over 5 m,Over 5 m,Over 5 m,Over 5 m,Over 5 m,Over 5 m,2-5 m,2-5 m,2-5 m,2-5 m,,05/27/2026 12:37:49,,methall@wisc.edu
05/27/2026 10:39 AM,Laurel,Cloudy,80,0,11,Affiliative - Contact sit,Pearl Hart,142,146,Stress-Related - Self-scratch,,212,326,Stress-Related - Self-groom,,326,349,Stress-Related - Vigilance,,819,1000,Stress-Related - Vigilance,,1000,1007,Stress-Related - Self-groom,,1007,1105,Stress-Related - Vigilance,,1422,1443,Stress-Related - Vigilance,,1443,1448,Stress-Related - Self-scratch,,1448,1500,Stress-Related - Vigilance,,,,,,,,,,,,,,,,,,,,,,,,,,,,,,,,,,,,,,,,,,,,,,,,,,,,,,,,,,,,,,,,,,,,,,,,,,,,,,,,,,,,,,,,,,Rest,Other,Rest,Rest,Rest,Other,Rest,Rest,2-5 m,2-5 m,2-5 m,2-5 m,2-5 m,2-5 m,2-5 m,Over 5 m,2-5 m,Over 5 m,Over 5 m,Over 5 m,Over 5 m,Over 5 m,Over 5 m,Over 5 m,Body contact,2-5 m,2-5 m,2-5 m,2-5 m,2-5 m,2-5 m,2-5 m,,,,,,,,,Less than 2 m,2-5 m,2-5 m,2-5 m,2-5 m,2-5 m,2-5 m,2-5 m,,05/27/2026 12:37:47,,methall@wisc.edu
05/27/2026 10:23 AM,Janis Joplin,Cloudy,80,635,641,Stress-Related - Self-groom,,641,651,Stress-Related - Vigilance,,849,851,Stress-Related - Vigilance,,1121,1142,Affiliative - Give grooming,Laurel,1142,1200,Affiliative - Give grooming,Pearl Hart,1121,1354,Affiliative - Contact sit,Pearl Hart,1329,1333,Stress-Related - Vigilance,,1354,1500,Stress-Related - Self-groom,,,,,,,,,,,,,,,,,,,,,,,,,,,,,,,,,,,,,,,,,,,,,,,,,,,,,,,,,,,,,,,,,,,,,,,,,,,,,,,,,,,,,,,,,,,,,,,,,,Rest,Rest,Rest,Rest,Rest,Rest,Social,Other,2-5 m,2-5 m,2-5 m,2-5 m,2-5 m,2-5 m,2-5 m,2-5 m,2-5 m,2-5 m,2-5 m,2-5 m,2-5 m,2-5 m,2-5 m,2-5 m,Less than 2 m,Less than 2 m,Less than 2 m,Less than 2 m,Less than 2 m,Less than 2 m,Body contact,Less than 2 m,2-5 m,2-5 m,2-5 m,2-5 m,2-5 m,2-5 m,Less than 2 m,Less than 2 m,,,,,,,,,,05/27/2026 12:37:45,,methall@wisc.edu
05/27/2026 10:07 AM,Pearl Hart,Cloudy,80,3,16,Stress-Related - Self-groom,,16,20,Stress-Related - Self-scratch,,34,40,Affiliative - Greet,Janis Joplin,40,357,Affiliative - Contact sit,Janis Joplin,110,115,Stress-Related - Self-scratch,,115,203,Affiliative - Give grooming,Janis Joplin,203,248,Affiliative - Mutual grooming,Janis Joplin,248,258,Stress-Related - Vigilance,,258,323,Stress-Related - Self-groom,,330,345,Affiliative - Give grooming,Janis Joplin,622,746,Stress-Related - Vigilance,,841,850,Stress-Related - Vigilance,,1442,1446,Stress-Related - Self-groom,,1446,1500,Stress-Related - Self-groom,,,,,,,,,,,,,,,,,,,,,,,,,,,,,,,,,,,,,,,,,,,,,,,,,,,,,,,,,,,,,,,,,,,,,,,,,,Rest,Social,Rest,Rest,Rest,Rest,Rest,Rest,Less than 2 m,2-5 m,2-5 m,2-5 m,2-5 m,2-5 m,2-5 m,2-5 m,2-5 m,2-5 m,2-5 m,2-5 m,2-5 m,2-5 m,2-5 m,2-5 m,,,,,,,,,2-5 m,2-5 m,2-5 m,2-5 m,2-5 m,2-5 m,2-5 m,2-5 m,2-5 m,Body contact,Less than 2 m,Less than 2 m,Less than 2 m,Less than 2 m,Less than 2 m,Less than 2 m,,05/27/2026 12:37:44,,methall@wisc.edu
05/21/2026 11:30 AM,Pearl Hart,Sunny,85,301,310,Stress-Related - Self-groom,Janis Joplin,742,750,Stress-Related - Self-groom,,1251,1258,Stress-Related - Self-groom,,,,,,,,,,,,,,,,,,,,,,,,,,,,,,,,,,,,,,,,,,,,,,,,,,,,,,,,,,,,,,,,,,,,,,,,,,,,,,,,,,,,,,,,,,,,,,,,,,,,,,,,,,,,,,,,,,,,,,Rest,Rest,Rest,Rest,Rest,Rest,Rest,Rest,2-5 m,2-5 m,2-5 m,2-5 m,2-5 m,2-5 m,2-5 m,2-5 m,Over 5 m,Over 5 m,Over 5 m,Over 5 m,Over 5 m,Over 5 m,Over 5 m,Over 5 m,,,,,,,,,2-5 m,2-5 m,2-5 m,2-5 m,2-5 m,2-5 m,2-5 m,2-5 m,Over 5 m,Over 5 m,Over 5 m,Over 5 m,Over 5 m,Over 5 m,Over 5 m,Over 5 m,,05/21/2026 12:01:35,,methall@wisc.edu
05/21/2026 11:13 AM,Delilah,Sunny,85,57,141,Affiliative - Mutual grooming,Janis Joplin,57,249,Affiliative - Contact sit,,141,243,Affiliative - Receive grooming,Janis Joplin,249,1101,Affiliative - Contact sit,Pearl Hart,249,327,Affiliative - Mutual grooming,Pearl Hart,340,432,Affiliative - Receive grooming,Pearl Hart,1121,1500,Affiliative - Contact sit,Laurel,1121,1147,Affiliative - Mutual grooming,Laurel,1158,1247,Affiliative - Mutual grooming,Laurel,1247,1331,Stress-Related - Vigilance,,,,,,,,,,,,,,,,,,,,,,,,,,,,,,,,,,,,,,,,,,,,,,,,,,,,,,,,,,,,,,,,,,,,,,,,,,,,,,,,,,,,,,,,,,Rest,Social,Social,Rest,Rest,Rest,Social,Rest,,,,,,,,,2-5 m,2-5 m,Over 5 m,Over 5 m,2-5 m,2-5 m,2-5 m,2-5 m,2-5 m,Less than 2 m,Body contact,Body contact,Body contact,Body contact,2-5 m,2-5 m,2-5 m,2-5 m,2-5 m,2-5 m,2-5 m,2-5 m,Body contact,Body contact,Less than 2 m,Body contact,2-5 m,Over 5 m,Over 5 m,Over 5 m,Over 5 m,2-5 m,,05/21/2026 12:00:08,,methall@wisc.edu
05/20/2026 01:28 PM,Laurel,Sunny,85,647,657,Stress-Related - Self-groom,,712,715,Stress-Related - Yawn,,,,,,,,,,,,,,,,,,,,,,,,,,,,,,,,,,,,,,,,,,,,,,,,,,,,,,,,,,,,,,,,,,,,,,,,,,,,,,,,,,,,,,,,,,,,,,,,,,,,,,,,,,,,,,,,,,,,,,,,,,Rest,Rest,Rest,Rest,Rest,Rest,Rest,Rest,2-5 m,2-5 m,2-5 m,2-5 m,2-5 m,2-5 m,2-5 m,2-5 m,2-5 m,2-5 m,2-5 m,2-5 m,2-5 m,2-5 m,2-5 m,2-5 m,2-5 m,2-5 m,2-5 m,2-5 m,2-5 m,2-5 m,2-5 m,2-5 m,,,,,,,,,2-5 m,2-5 m,2-5 m,2-5 m,2-5 m,2-5 m,2-5 m,2-5 m,,05/20/2026 13:52:26,,methall@wisc.edu
05/20/2026 01:11 PM,Janis Joplin,Sunny,85,0,1500,Affiliative - Contact sit,Delilah,0,39,Affiliative - Give grooming,Delilah,214,228,Affiliative - Contact sit,Pearl Hart,217,222,Affiliative - Give grooming,Delilah,825,839,Stress-Related - Vigilance,,1125,1216,Stress-Related - Vigilance,,1455,1500,Stress-Related - Self-groom,,,,,,,,,,,,,,,,,,,,,,,,,,,,,,,,,,,,,,,,,,,,,,,,,,,,,,,,,,,,,,,,,,,,,,,,,,,,,,,,,,,,,,,,,,,,,,,,,,,,,,Social,Rest,Rest,Rest,Rest,Rest,Other,Rest,Body contact,Body contact,Body contact,Body contact,Body contact,Body contact,Body contact,Body contact,Less than 2 m,Less than 2 m,Less than 2 m,Less than 2 m,Less than 2 m,Less than 2 m,Less than 2 m,Less than 2 m,Less than 2 m,Less than 2 m,Less than 2 m,Less than 2 m,Less than 2 m,Less than 2 m,Less than 2 m,Less than 2 m,2-5 m,2-5 m,2-5 m,2-5 m,2-5 m,2-5 m,2-5 m,2-5 m,,,,,,,,,,05/20/2026 13:52:23,,methall@wisc.edu
05/20/2026 11:20 AM,Pearl Hart,Sunny,80,0,306,Affiliative - Contact sit,Delilah,0,102,Affiliative - Mutual grooming,Delilah,102,131,Affiliative - Give grooming,Delilah,131,541,Affiliative - Contact sit,Charlie Brown,131,412,Affiliative - Mutual grooming,Charlie Brown,412,442,Stress-Related - Vigilance,,442,507,Affiliative - Mutual grooming,Charlie Brown,445,1256,Affiliative - Contact sit,Janis Joplin,541,701,Affiliative - Mutual grooming,Janis Joplin,743,820,Stress-Related - Self-groom,,820,834,Stress-Related - Vigilance,,1214,1227,Stress-Related - Vigilance,,1227,1247,Stress-Related - Vigilance,,1256,1415,Affiliative - Mutual grooming,Charlie Brown,1256,1432,Affiliative - Contact sit,Charlie Brown,1441,1450,Stress-Related - Self-scratch,,1456,1500,Stress-Related - Self-groom,,,,,,,,,,,,,,,,,,,,,,,,,,,,,,,,,,,,,,,,,,,,,,,,,,,,,,,,,,,,,,Social,Social,Social,Social,Other,Rest,Rest,Social,Body contact,Body contact,2-5 m,2-5 m,2-5 m,2-5 m,2-5 m,2-5 m,Less than 2 m,Body contact,Less than 2 m,Less than 2 m,Less than 2 m,Less than 2 m,Less than 2 m,Body contact,,,,,,,,,Over 5 m,Over 5 m,Over 5 m,Over 5 m,2-5 m,2-5 m,2-5 m,2-5 m,Over 5 m,Over 5 m,Body contact,Body contact,Body contact,Body contact,Body contact,Less than 2 m,,05/20/2026 11:47:55,,methall@wisc.edu
05/20/2026 10:57 AM,Delilah,Sunny,80,155,157,Stress-Related - Yawn,,157,227,Stress-Related - Vigilance,,227,240,Stress-Related - Self-groom,,303,333,Stress-Related - Vigilance,,500,540,Stress-Related - Vigilance,,657,731,Stress-Related - Self-groom,,731,817,Affiliative - Mutual grooming,Charlie Brown,731,817,Affiliative - Contact sit,Charlie Brown,817,942,Stress-Related - Vigilance,,948,1012,Affiliative - Contact sit,Charlie Brown,1109,1115,Stress-Related - Self-scratch,,1141,1223,Stress-Related - Self-groom,,1223,1240,Stress-Related - Vigilance,,,,,,,,,,,,,,,,,,,,,,,,,,,,,,,,,,,,,,,,,,,,,,,,,,,,,,,,,,,,,,,,,,,,,,,,,,,,,,Rest,Other,Locomotion,Locomotion,Other,Rest,Other,Rest,,,,,,,,,Over 5 m,Over 5 m,Over 5 m,2-5 m,2-5 m,Body contact,Less than 2 m,Less than 2 m,Less than 2 m,Less than 2 m,Over 5 m,2-5 m,2-5 m,2-5 m,Over 5 m,Over 5 m,Over 5 m,Over 5 m,Over 5 m,2-5 m,2-5 m,2-5 m,2-5 m,2-5 m,Over 5 m,Over 5 m,Over 5 m,Over 5 m,2-5 m,2-5 m,2-5 m,2-5 m,,05/20/2026 11:47:53,,methall@wisc.edu
05/20/2026 10:41 AM,Janis Joplin,Sunny,80,123,128,Stress-Related - Self-groom,,128,139,Stress-Related - Vigilance,,139,145,Stress-Related - Self-groom,,405,521,Affiliative - Mutual grooming,Janis Joplin,405,846,Affiliative - Contact sit,Laurel,521,846,Affiliative - Give grooming,Laurel,846,901,Stress-Related - Self-groom,,1008,1015,Stress-Related - Self-groom,,1124,1205,Stress-Related - Vigilance,,1455,1500,Affiliative - Greet,Laurel,,,,,,,,,,,,,,,,,,,,,,,,,,,,,,,,,,,,,,,,,,,,,,,,,,,,,,,,,,,,,,,,,,,,,,,,,,,,,,,,,,,,,,,,,Rest,Rest,Social,Social,Social,Rest,Rest,Rest,Over 5 m,Over 5 m,Over 5 m,Over 5 m,Over 5 m,Over 5 m,Over 5 m,Over 5 m,2-5 m,2-5 m,2-5 m,2-5 m,2-5 m,2-5 m,2-5 m,2-5 m,Over 5 m,Over 5 m,Over 5 m,Over 5 m,Over 5 m,Over 5 m,Over 5 m,Over 5 m,Less than 2 m,Less than 2 m,Body contact,Body contact,Body contact,Less than 2 m,Less than 2 m,Less than 2 m,,,,,,,,,,05/20/2026 11:47:51,,methall@wisc.edu
05/20/2026 10:25 AM,Laurel,Sunny,80,0,222,Stress-Related - Vigilance,,253,438,Stress-Related - Vigilance,,452,558,Stress-Related - Vigilance,,656,712,Stress-Related - Self-groom,,723,750,Stress-Related - Self-groom,,750,824,Stress-Related - Vigilance,,824,828,Stress-Related - Self-groom,,828,850,Stress-Related - Vigilance,,850,858,Stress-Related - Self-groom,,1450,1452,Stress-Related - Self-groom,,1452,1500,Stress-Related - Vigilance,,,,,,,,,,,,,,,,,,,,,,,,,,,,,,,,,,,,,,,,,,,,,,,,,,,,,,,,,,,,,,,,,,,,,,,,,,,,,,,,,,,,,,Other,Other,Other,Rest,Other,Rest,Rest,Rest,Over 5 m,Over 5 m,Over 5 m,Over 5 m,Over 5 m,Over 5 m,Over 5 m,Over 5 m,Less than 2 m,Less than 2 m,Less than 2 m,Less than 2 m,Less than 2 m,Less than 2 m,2-5 m,2-5 m,Over 5 m,Over 5 m,Over 5 m,Over 5 m,Over 5 m,Over 5 m,Over 5 m,Over 5 m,,,,,,,,,Over 5 m,Over 5 m,Over 5 m,Over 5 m,Less than 2 m,Less than 2 m,Less than 2 m,Less than 2 m,,05/20/2026 11:47:49,,methall@wisc.edu
05/18/2026 02:08 PM,Delilah,Sunny,85,0,12,Stress-Related - Vigilance,,12,17,Stress-Related - Self-scratch,,17,115,Stress-Related - Vigilance,,215,220,Stress-Related - Self-groom,,220,240,Affiliative - Give grooming,Pearl Hart,321,343,Stress-Related - Self-groom,,418,430,Stress-Related - Vigilance,,505,520,Stress-Related - Vigilance,,709,712,Stress-Related - Self-scratch,,949,957,Stress-Related - Self-scratch,,957,1007,Stress-Related - Self-groom,,1128,1134,Stress-Related - Vigilance,,1211,1216,Stress-Related - Self-scratch,,1216,1231,Stress-Related - Self-groom,,1430,1441,Stress-Related - Self-groom,,,,,,,,,,,,,,,,,,,,,,,,,,,,,,,,,,,,,,,,,,,,,,,,,,,,,,,,,,,,,,,,,,,,,,Other,Social,Locomotion,Locomotion,Rest,Rest,Rest,Locomotion,,,,,,,,,Over 5 m,Over 5 m,Over 5 m,Over 5 m,Over 5 m,2-5 m,Over 5 m,2-5 m,Less than 2 m,Body contact,2-5 m,Over 5 m,2-5 m,2-5 m,2-5 m,Over 5 m,Less than 2 m,Less than 2 m,Over 5 m,Less than 2 m,2-5 m,Over 5 m,Over 5 m,Over 5 m,Over 5 m,Over 5 m,Over 5 m,Over 5 m,Less than 2 m,2-5 m,2-5 m,Over 5 m,,05/18/2026 15:06:47,,methall@wisc.edu
05/18/2026 01:52 PM,Laurel,Sunny,85,58,106,Stress-Related - Vigilance,,115,122,Stress-Related - Self-groom,,122,137,Stress-Related - Vigilance,,140,1050,Stress-Related - Self-groom,,245,255,Stress-Related - Self-groom,,255,300,Stress-Related - Yawn,,455,503,Stress-Related - Self-groom,,503,519,Stress-Related - Vigilance,,850,903,Stress-Related - Self-groom,,903,925,Stress-Related - Vigilance,,930,933,Stress-Related - Yawn,,933,955,Stress-Related - Vigilance,,1001,1209,Affiliative - Give grooming,Delilah,1243,1402,Affiliative - Contact sit,Delilah,1243,1357,Affiliative - Receive grooming,Delilah,1336,1402,Affiliative - Receive grooming,Janis Joplin,,,,,,,,,,,,,,,,,,,,,,,,,,,,,,,,,,,,,,,,,,,,,,,,,,,,,,,,,,,,,,,,,Rest,Rest,Rest,Rest,Rest,Social,Social,Locomotion,Over 5 m,Over 5 m,Over 5 m,Over 5 m,Over 5 m,Body contact,Body contact,Over 5 m,Less than 2 m,Less than 2 m,Less than 2 m,Less than 2 m,Less than 2 m,Less than 2 m,Less than 2 m,Over 5 m,Less than 2 m,Less than 2 m,Less than 2 m,Less than 2 m,Less than 2 m,Less than 2 m,Less than 2 m,2-5 m,,,,,,,,,Less than 2 m,Less than 2 m,Less than 2 m,Less than 2 m,Less than 2 m,Less than 2 m,Less than 2 m,Over 5 m,,05/18/2026 15:06:46,,methall@wisc.edu
05/18/2026 01:36 PM,Pearl Hart,Sunny,85,42,105,Stress-Related - Vigilance,,105,126,Stress-Related - Self-groom,,137,144,Stress-Related - Self-scratch,,158,214,Stress-Related - Self-groom,,224,234,Stress-Related - Self-groom,,243,317,Affiliative - Mutual grooming,Charlie Brown,243,745,Affiliative - Contact sit,Charlie Brown,317,332,Affiliative - Receive grooming,Charlie Brown,349,449,Affiliative - Mutual grooming,Charlie Brown,449,734,Stress-Related - Self-groom,,750,915,Affiliative - Contact sit,Janis Joplin,750,843,Affiliative - Give grooming,Janis Joplin,857,911,Affiliative - Receive grooming,Janis Joplin,857,915,Stress-Related - Self-groom,,,,,,,,,,,,,,,,,,,,,,,,,,,,,,,,,,,,,,,,,,,,,,,,,,,,,,,,,,,,,,,,,,,,,,,,,,Rest,Social,Social,Other,Social,Rest,Rest,Rest,2-5 m,2-5 m,Over 5 m,Over 5 m,Over 5 m,Over 5 m,Over 5 m,Over 5 m,2-5 m,Body contact,Body contact,Body contact,Less than 2 m,Less than 2 m,Less than 2 m,Less than 2 m,,,,,,,,,Less than 2 m,Less than 2 m,Less than 2 m,Less than 2 m,Less than 2 m,Less than 2 m,Less than 2 m,Less than 2 m,Less than 2 m,Less than 2 m,Less than 2 m,Less than 2 m,Body contact,Less than 2 m,Less than 2 m,Less than 2 m,,05/18/2026 15:06:45,,methall@wisc.edu
05/18/2026 01:21 PM,Janis Joplin,Sunny,85,0,226,Affiliative - Contact sit,Pearl Hart,223,226,Stress-Related - Self-groom,,226,228,Agonistic - Displace,Laurel,615,632,Stress-Related - Self-groom,,638,1500,Affiliative - Contact sit,Laurel,638,708,Affiliative - Mutual grooming,Laurel,720,727,Stress-Related - Self-groom,,727,753,Stress-Related - Vigilance,,1430,1448,Affiliative - Receive grooming,Laurel,,,,,,,,,,,,,,,,,,,,,,,,,,,,,,,,,,,,,,,,,,,,,,,,,,,,,,,,,,,,,,,,,,,,,,,,,,,,,,,,,,,,,,,,,,,,,Rest,Rest,Rest,Rest,Rest,Rest,Rest,Rest,2-5 m,2-5 m,2-5 m,2-5 m,2-5 m,2-5 m,2-5 m,2-5 m,2-5 m,2-5 m,2-5 m,2-5 m,2-5 m,2-5 m,2-5 m,2-5 m,Body contact,Body contact,Less than 2 m,Less than 2 m,Less than 2 m,Less than 2 m,Less than 2 m,Less than 2 m,Less than 2 m,Less than 2 m,Less than 2 m,Less than 2 m,Body contact,Body contact,Body contact,Body contact,,,,,,,,,,05/18/2026 15:06:43,,methall@wisc.edu
05/18/2026 11:00 AM,Laurel,Sunny,80,10,46,Stress-Related - Self-groom,,100,110,Stress-Related - Vigilance,,808,828,Stress-Related - Vigilance,,918,922,Stress-Related - Self-groom,,1006,1027,Stress-Related - Vigilance,,1210,1221,Stress-Related - Self-groom,,1221,1237,Stress-Related - Vigilance,,1237,1250,Stress-Related - Self-groom,,1251,1321,Stress-Related - Vigilance,,,,,,,,,,,,,,,,,,,,,,,,,,,,,,,,,,,,,,,,,,,,,,,,,,,,,,,,,,,,,,,,,,,,,,,,,,,,,,,,,,,,,,,,,,,,,,Rest,Rest,Rest,Rest,Rest,Rest,Rest,Rest,2-5 m,2-5 m,2-5 m,2-5 m,2-5 m,2-5 m,Over 5 m,Over 5 m,2-5 m,2-5 m,2-5 m,2-5 m,2-5 m,2-5 m,2-5 m,2-5 m,2-5 m,2-5 m,2-5 m,2-5 m,2-5 m,2-5 m,2-5 m,2-5 m,,,,,,,,,2-5 m,2-5 m,2-5 m,2-5 m,2-5 m,2-5 m,2-5 m,2-5 m,,05/18/2026 12:08:13,,methall@wisc.edu
05/18/2026 10:44 AM,Janis Joplin,Sunny,80,0,1500,Affiliative - Contact sit,Pearl Hart,334,357,Stress-Related - Self-groom,,702,732,Affiliative - Give grooming,Pearl Hart,732,806,Affiliative - Receive grooming,Pearl Hart,1101,1106,Stress-Related - Vigilance,,1111,1115,Stress-Related - Vigilance,,1358,1405,Stress-Related - Self-groom,,,,,,,,,,,,,,,,,,,,,,,,,,,,,,,,,,,,,,,,,,,,,,,,,,,,,,,,,,,,,,,,,,,,,,,,,,,,,,,,,,,,,,,,,,,,,,,,,,,,,,Rest,Rest,Other,Rest,Social,Rest,Rest,Rest,2-5 m,2-5 m,2-5 m,2-5 m,2-5 m,2-5 m,2-5 m,2-5 m,2-5 m,2-5 m,2-5 m,2-5 m,2-5 m,2-5 m,2-5 m,2-5 m,Body contact,Body contact,Body contact,Body contact,Body contact,Body contact,Body contact,Body contact,Less than 2 m,Less than 2 m,Less than 2 m,Less than 2 m,Less than 2 m,2-5 m,2-5 m,2-5 m,,,,,,,,,,05/18/2026 12:08:12,,methall@wisc.edu
05/18/2026 10:29 AM,Pearl Hart,Sunny,78,0,19,Stress-Related - Self-groom,,32,47,Stress-Related - Vigilance,,47,53,Stress-Related - Self-scratch,,53,246,Affiliative - Contact sit,Charlie Brown,53,232,Affiliative - Mutual grooming,Charlie Brown,300,304,Stress-Related - Self-scratch,,352,406,Stress-Related - Self-groom,,406,500,Stress-Related - Self-groom,,556,613,Affiliative - Mutual grooming,Janis Joplin,556,1500,Affiliative - Contact sit,Janis Joplin,818,825,Stress-Related - Vigilance,,,,,,,,,,,,,,,,,,,,,,,,,,,,,,,,,,,,,,,,,,,,,,,,,,,,,,,,,,,,,,,,,,,,,,,,,,,,,,,,,,,,,,Other,Social,Social,Other,Other,Rest,Rest,Rest,2-5 m,2-5 m,2-5 m,2-5 m,2-5 m,2-5 m,2-5 m,2-5 m,2-5 m,Body contact,Body contact,2-5 m,2-5 m,2-5 m,2-5 m,2-5 m,,,,,,,,,2-5 m,2-5 m,2-5 m,Less than 2 m,Less than 2 m,Less than 2 m,Less than 2 m,Less than 2 m,2-5 m,2-5 m,Less than 2 m,Body contact,Body contact,Body contact,Body contact,Body contact,,05/18/2026 12:08:10,,methall@wisc.edu
05/18/2026 10:05 AM,Delilah,Sunny,78,649,1302,Affiliative - Contact sit,Laurel,713,724,Stress-Related - Self-groom,,732,744,Stress-Related - Self-groom,,744,756,Stress-Related - Vigilance,,756,849,Stress-Related - Self-groom,,849,900,Affiliative - Mutual grooming,Laurel,916,1030,Affiliative - Mutual grooming,Laurel,1030,1104,Affiliative - Give grooming,Laurel,1040,1500,Affiliative - Contact sit,Pearl Hart,1126,1302,Affiliative - Give grooming,Laurel,1316,1330,Stress-Related - Self-groom,,,,,,,,,,,,,,,,,,,,,,,,,,,,,,,,,,,,,,,,,,,,,,,,,,,,,,,,,,,,,,,,,,,,,,,,,,,,,,,,,,,,,,Rest,Rest,Rest,Rest,Other,Social,Social,Rest,,,,,,,,,Over 5 m,Over 5 m,Over 5 m,Over 5 m,Over 5 m,Over 5 m,Over 5 m,Over 5 m,2-5 m,2-5 m,Less than 2 m,2-5 m,2-5 m,Body contact,Body contact,Less than 2 m,Over 5 m,Over 5 m,Over 5 m,Over 5 m,Body contact,Body contact,Body contact,2-5 m,2-5 m,2-5 m,Less than 2 m,Less than 2 m,2-5 m,2-5 m,2-5 m,2-5 m,,05/18/2026 12:08:08,,methall@wisc.edu
